-- MySQL dump 10.13  Distrib 8.0.33, for Win64 (x86_64)
--
-- Host: 127.0.0.1    Database: tfg_database
-- ------------------------------------------------------
-- Server version	5.7.42

/*!40101 SET @OLD_CHARACTER_SET_CLIENT=@@CHARACTER_SET_CLIENT */;
/*!40101 SET @OLD_CHARACTER_SET_RESULTS=@@CHARACTER_SET_RESULTS */;
/*!40101 SET @OLD_COLLATION_CONNECTION=@@COLLATION_CONNECTION */;
/*!50503 SET NAMES utf8 */;
/*!40103 SET @OLD_TIME_ZONE=@@TIME_ZONE */;
/*!40103 SET TIME_ZONE='+00:00' */;
/*!40014 SET @OLD_UNIQUE_CHECKS=@@UNIQUE_CHECKS, UNIQUE_CHECKS=0 */;
/*!40014 SET @OLD_FOREIGN_KEY_CHECKS=@@FOREIGN_KEY_CHECKS, FOREIGN_KEY_CHECKS=0 */;
/*!40101 SET @OLD_SQL_MODE=@@SQL_MODE, SQL_MODE='NO_AUTO_VALUE_ON_ZERO' */;
/*!40111 SET @OLD_SQL_NOTES=@@SQL_NOTES, SQL_NOTES=0 */;

--
-- Table structure for table `niveles`
--

DROP TABLE IF EXISTS `niveles`;
/*!40101 SET @saved_cs_client     = @@character_set_client */;
/*!50503 SET character_set_client = utf8mb4 */;
CREATE TABLE `niveles` (
  `id` int(11) NOT NULL AUTO_INCREMENT,
  `nombre` varchar(255) NOT NULL,
  `id_temario` int(11) NOT NULL,
  PRIMARY KEY (`id`),
  KEY `id_temario` (`id_temario`),
  CONSTRAINT `niveles_ibfk_1` FOREIGN KEY (`id_temario`) REFERENCES `temarios` (`id`)
) ENGINE=InnoDB AUTO_INCREMENT=43 DEFAULT CHARSET=latin1;
/*!40101 SET character_set_client = @saved_cs_client */;

--
-- Dumping data for table `niveles`
--

LOCK TABLES `niveles` WRITE;
/*!40000 ALTER TABLE `niveles` DISABLE KEYS */;
INSERT INTO `niveles` VALUES (1,'Tema 1',1),(2,'Tema 2',1),(3,'Tema 3',1),(4,'Tema 4',1),(5,'Tema 5',1),(6,'Tema 6',1),(7,'Tema 1',2),(8,'Tema 2',2),(9,'Tema 3',2),(10,'Tema 4',2),(11,'Tema 5',2),(12,'Tema 6',2),(13,'Tema 1',3),(14,'Tema 2',3),(15,'Tema 3',3),(16,'Tema 4',3),(17,'Tema 5',3),(18,'Tema 6',3),(19,'Tema 7',3),(20,'Tema 8',3),(21,'Tema 9',3),(22,'Tema 10',3),(23,'Tema 11',3),(24,'Tema 12',3),(25,'Tema 1',4),(26,'Tema 2',4),(27,'Tema 3',4),(28,'Tema 4',4),(29,'Tema 5',4),(30,'Tema 6',4),(31,'Tema 7',4),(32,'Tema 8',4),(33,'Tema 9',4),(34,'Tema 10',4),(35,'Tema 11',4),(36,'Tema 12',4),(37,'Tema 1',5),(38,'Tema 2',5),(39,'Tema 3',5),(40,'Tema 4',5),(41,'Tema 5',5),(42,'Tema 6',5);
/*!40000 ALTER TABLE `niveles` ENABLE KEYS */;
UNLOCK TABLES;

--
-- Table structure for table `preguntas`
--

DROP TABLE IF EXISTS `preguntas`;
/*!40101 SET @saved_cs_client     = @@character_set_client */;
/*!50503 SET character_set_client = utf8mb4 */;
CREATE TABLE `preguntas` (
  `id` int(11) NOT NULL AUTO_INCREMENT,
  `enunciado` text NOT NULL,
  `id_nivel` int(11) NOT NULL,
  `url_imagen` varchar(255) DEFAULT NULL,
  PRIMARY KEY (`id`),
  KEY `id_nivel` (`id_nivel`),
  CONSTRAINT `preguntas_ibfk_1` FOREIGN KEY (`id_nivel`) REFERENCES `niveles` (`id`)
) ENGINE=InnoDB AUTO_INCREMENT=445 DEFAULT CHARSET=latin1;
/*!40101 SET character_set_client = @saved_cs_client */;

--
-- Dumping data for table `preguntas`
--

LOCK TABLES `preguntas` WRITE;
/*!40000 ALTER TABLE `preguntas` DISABLE KEYS */;
INSERT INTO `preguntas` VALUES (1,'¿Cuáles son las funciones vitales?',1,NULL),(2,'¿Cuáles son los tipos de nutrición?',1,NULL),(3,'¿Cómo se llaman los animales que no tienen un esqueleto interno?',1,NULL),(4,'¿Qué tres partes tienen los animales con esqueleto interno?',1,NULL),(5,'¿Cómo se denominan a los animales nacidos de huevos?',1,NULL),(6,'¿Cómo se llaman los invertebrados con 6 patas?',1,NULL),(7,'¿Cómo se llaman los invertebrados con 8 patas?',1,NULL),(8,'¿Cómo se llaman los invertebrados con 10 patas?',1,NULL),(9,'¿A qué grupo pertenecen las estrellas de mar?',1,NULL),(10,'¿Qué invertebrados tienen el cuerpo formado por anillos?',1,NULL),(11,'¿Cuáles son los diferentes tipos de vertebrados?',2,NULL),(12,'¿Qué vertebrados tienen pelo?',2,NULL),(13,'¿A través de qué respiran los mamíferos?',2,NULL),(14,'¿Qué vertebrados tienen el cuerpo cubierto de escamas?',2,NULL),(15,'¿Qué vertebrados tienen pico?',2,NULL),(16,'¿Por qué proceso pasan algunos anfibios?',2,NULL),(17,'¿Cuáles son las etapas de la vida?',3,NULL),(18,'¿En qué etapa de la vida está una persona con 18 años?',3,NULL),(19,'¿Qué sustancias están presentes en los alimentos?',3,NULL),(20,'¿Cuál no es un hábito saludable?',3,NULL),(21,'¿Qué nutrientes tiene la leche?',3,NULL),(22,'¿Qué alimento tiene hidratos de carbono?',3,NULL),(23,'¿Qué expresa la cantidad de la materia?',4,NULL),(24,'¿Qué es el volumen de un cuerpo?',4,NULL),(25,'Un ejemplo de una sustancia pura es…',4,NULL),(26,'¿Qué dos tipos de mezclas existen?',4,NULL),(27,'Un ejemplo de una mezcla heterogénea es',4,NULL),(28,'¿Cuáles son los tres estados de la materia?',4,NULL),(29,'¿Cómo se llama el cambio de estado de sólido a líquido?',4,NULL),(30,'Si una manzana se pudre, ha sufrido un cambio…',4,NULL),(31,'¿Cuáles son los dos tipos de materiales según su origen?',4,NULL),(32,'¿De qué tipo de origen proviene un bolso?',4,NULL),(33,'¿Cuál es la propiedad más importante de una ventana?',4,NULL),(34,'¿Cuáles son las tres R?',4,NULL),(35,'¿Qué tipo de energía produce el movimiento?',5,NULL),(36,'¿Cuál es un ejemplo de energía química?',5,NULL),(37,'¿Qué cambio se produce cuándo le cambiamos encendemos el horno?',5,NULL),(38,'¿Qué dos tipos de fuentes de energía conocemos?',5,NULL),(39,'¿Cuál es la fuente de energía de la energía eólica?',5,NULL),(40,'¿Cómo obtenemos la energía solar?',5,NULL),(41,'¿Cuáles son las energías no renovables?',5,NULL),(42,'¿Qué podemos hacer para ahorrar energía?',5,NULL),(43,'¿Qué tipo de máquinas conocemos?',6,NULL),(44,'¿Cuál de estas máquinas es una máquina simple?',6,NULL),(45,'¿Cuál es un ejemplo de máquina eléctrica?',6,NULL),(46,'¿Qué máquina utiliza el ascensor para subir y bajar?',6,NULL),(47,'¿Cuál NO es uno de los componentes de una bicicleta?',6,NULL),(48,'¿Qué problemas pueden traer utilizar las máquinas de manera incorrecta?',6,NULL),(49,'¿Cuál es el centro del Sistema Solar?',7,NULL),(50,'¿Qué es el sol?',7,NULL),(51,'¿Cuántos planetas hay en el Sistema Solar?',7,NULL),(52,'¿Cómo se llama nuestro planeta?',7,NULL),(53,'¿Cómo se llama el movimiento que realiza la Tierra sobre el Sol?',7,NULL),(54,'¿Cómo se llama el movimiento que produce el día y la noche?',7,NULL),(55,'¿Cuánto tarda la Tierra en girar sobre sí misma?',7,NULL),(56,'¿Qué produce la traslación?',7,NULL),(57,'¿Cuánto tarda la Tierra en girar alrededor del Sol?',7,NULL),(58,'¿Qué es la Luna?',7,NULL),(59,'¿Cuánto tarda en girar alrededor de la Tierra?',7,NULL),(60,'¿En qué afecta la Luna a la Tierra?',7,NULL),(61,'¿Cómo se llama nuestra galaxia?',7,NULL),(62,'¿Qué instrumento utilizamos para observar el espacio?',7,NULL),(63,'¿Cómo se llama la capa gaseosa que rodea la Tierra?',8,NULL),(64,'¿De qué está hecha la atmósfera?',8,NULL),(65,'¿Cómo se llama al conjunto de partes líquidas de la Tierra?',8,NULL),(66,'¿Cómo se llama la gran esfera de rocas?',8,NULL),(67,'¿En qué partes se divide la geosfera?',8,NULL),(68,'¿Cuántos continentes existen en nuestro planeta?',8,NULL),(69,'¿Cómo podemos representar nuestro planeta?',8,NULL),(70,'¿Cuáles son los cuatro puntos cardinales?',8,NULL),(71,'¿Qué tipos de paisajes existen?',9,NULL),(72,'¿Qué tipo de paisaje humanizado es una ciudad?',9,NULL),(73,'¿Qué dos tipos de paisajes existen?',9,NULL),(74,'¿Cómo se llama el terreno totalmente rodeado por agua?',9,NULL),(75,'¿Cómo se llama al terreno plano que está elevado?',9,NULL),(76,'¿En qué partes se divide una montaña?',9,NULL),(77,'¿Qué mares rodean a la Península Ibérica?',9,NULL),(78,'¿Qué río nace en Cantabria?',9,NULL),(79,'¿Cuáles son los archipiélagos de España?',9,NULL),(80,'¿Cuál NO es un parque nacional de España?',9,NULL),(81,'¿Qué tres sectores económicos existen?',10,NULL),(82,'¿Quién trabaja en el sector primario?',10,NULL),(83,'¿Quién trabaja en el sector secundario?',10,NULL),(84,'¿Quién trabaja en el sector servicios?',10,NULL),(85,'¿Qué sector recoge las materias primas?',10,NULL),(86,'¿Qué sector transforma las materias primas en productos?',10,NULL),(87,'¿Cómo podemos medir las horas?',11,NULL),(88,'¿Cómo podemos medir los meses de un año?',11,NULL),(89,'¿Cuántos años son un lustro?',11,NULL),(90,'¿Cuántos años son una década?',11,NULL),(91,'¿Cuántos años son un siglo?',11,NULL),(92,'¿Cuántos años son un milenio?',11,NULL),(93,'¿Cómo se llaman los periodos de tiempo de la historia?',11,NULL),(94,'¿Quiénes se dedican a estudiar la Historia?',11,NULL),(95,'¿Qué actividades realizaban las tribus en la Prehistoria?',12,NULL),(96,'¿Dónde vivían los primeros seres humanos?',12,NULL),(97,'¿Qué actividades realizaban los primeros pobladores?',12,NULL),(98,'¿En qué edad de la historia aparecen las primeras ciudades?',12,NULL),(99,'¿De qué civilización es característica los jeroglíficos?',12,NULL),(100,'¿Qué idioma nos dejaron los romanos?',12,NULL),(101,'¿Qué dos zonas existían en la Edad Media?',12,NULL),(102,'¿Dónde vivían los aldeanos en los reinos cristianos?',12,NULL),(103,'¿Dónde rezaban los musulmanes?',12,NULL),(104,'¿Qué población de la Edad Media se dedicaba al comercio, ciencia y arte?',12,NULL),(105,'¿Qué edad de la historia ocurrió después de la Edad Media?',12,NULL),(106,'¿Qué gran descubrimiento hubo en la Edad Moderna?',12,NULL),(107,'¿Qué edad de la historia estamos viviendo ahora mismo?',12,NULL),(108,'Sustituye las palabras destacadas por un sinónimo: Los vecinos son muy ~escandalosos~',13,NULL),(109,'Sustituye las palabras destacadas por un sinónimo: El espantapájaros es muy ~siniestro~',13,NULL),(110,'Sustituye las palabras destacadas por un sinónimo: Mi móvil está ~roto~',13,NULL),(111,'Completa la siguiente palabra con *c* o *qu*: _asa',13,NULL),(112,'Completa la siguiente palabra con *c* o *qu*: ros__illa',13,NULL),(113,'Completa la siguiente palabra con *c* o *qu*: mante__illa',13,NULL),(114,'Completa la siguiente palabra con *c* o *qu*: pi__o',13,NULL),(115,'Sustituye las palabras destacadas por un antónimo: Mis amigos son muy ~divertidos~',14,NULL),(116,'Escribe con *g* ,*gu* o *gü* esta palabra: a__ente',14,NULL),(117,'Escribe con *g* ,*gu* o *gü* esta palabra: pin__ino',14,NULL),(118,'Escribe con *g* ,*gu* o *gü* esta palabra: __epardo',14,NULL),(119,'Busca el sujeto en la siguiente oración: Los profesores no bajaron al patio',14,NULL),(120,'Busca el sujeto en la siguiente oración: Felipe y Marta descubrieron a los ladrones',14,NULL),(121,'Busca el predicado en la siguiente oración: Lorena tiene dos hermanos',14,NULL),(122,'Busca el predicado en la siguiente oración: Su socio ha comprado un maletín',14,NULL),(123,'¿Qué son las palabras polisémicas?',15,NULL),(124,'Completa esta palabra con *j* o *g*: Monta__e',15,NULL),(125,'Completa esta palabra con *j* o *g*: A__enda',15,NULL),(126,'¿En qué palabra la letra *g* suena diferente?',15,NULL),(127,'¿En qué palabra la letra *g* suena diferente?',15,NULL),(128,'Ordena alfabéticamente estas palabras: Alba, Amelia, Ana y Asier',15,NULL),(129,'Elige el sustantivo colectivo correspondiente: soldado',16,NULL),(130,'Elige el sustantivo colectivo correspondiente:  oveja',16,NULL),(131,'Completa la siguiente palabra con *r* o *rr*. Te__eno',16,NULL),(132,'Completa la siguiente palabra con *r* o *rr*. __amo',16,NULL),(133,'Completa la siguiente palabra con *r* o *rr*. Son_isa',16,NULL),(134,'Clasifica la siguiente palabra según sus sílabas. Monosílaba, bisílaba, trisílaba o polisílaba: Karateka',16,NULL),(135,'Clasifica la siguiente palabra según sus sílabas. Monosílaba, bisílaba, trisílaba o polisílaba: Sol',16,NULL),(136,'Clasifica la siguiente palabra según sus sílabas. Monosílaba, bisílaba, trisílaba o polisílaba:, Ligero',16,NULL),(137,'Identifica la sílaba tónica de la siguiente palabra: Búsqueda',16,NULL),(138,'Identifica la sílaba tónica de la siguiente palabra: Paloma',16,NULL),(139,'Identifica la palabra intrusa de estas palabras derivadas',17,NULL),(140,'Completa la palabra con *m* o con *n*:  Ta_bor',17,NULL),(141,'Completa las palabras con *m* o con *n*: A_tiguo',17,NULL),(142,'Reconoce el sustantivo de la siguiente oración: Mi amigo es muy alto',17,NULL),(143,'Reconoce el sustantivo de la siguiente oración: Nos perdimos en el bosque frondoso',17,NULL),(144,'¿Cuál es un sustantivo común?',17,NULL),(145,'¿Cuál es un sustantivo propio?',17,NULL),(147,'Forma aumentativos con la siguiente palabra: Fiesta',18,NULL),(148,'Encuentra la palabra mal escrita',18,NULL),(149,'¿Cuál es el plural de “jersey”?',18,NULL),(150,'Elige el determinante correcto: ___ película',18,NULL),(151,'Elige el determinante correcto: ___ diccionarios',18,NULL),(152,'Cambia el género de las palabras: Escritor y Pintora',18,NULL),(153,'Forma diminutivos con la siguiente palabra: Libro',19,NULL),(154,'Completa las palabras con *z* o *d*',19,NULL),(155,'Completa las palabras con *z* o *d*',19,NULL),(156,'Forma los plurales de la siguiente palabra: Avestruz',19,NULL),(157,'Reconoce la palabra compuesta',20,NULL),(158,'¿Cuál de las siguientes palabras es un diminutivo?',20,NULL),(159,'Identifica los artículos determinados e indeterminados de la siguiente oración: Me han regalado un libro',20,NULL),(160,'Identifica los artículos determinados e indeterminados de la siguiente oración: Mañana voy a la playa',20,NULL),(161,'Di a qué distancia están los siguientes sustantivos: Aquella cascada',20,NULL),(162,'Di a qué distancia están los siguientes sustantivos: Estos árboles',20,NULL),(163,'Di a qué distancia están los siguientes sustantivos: Esas chaquetas',20,NULL),(164,'¿Cuál es el gentilicio de Argentina? ',21,NULL),(165,'Selecciona el determinante posesivo : Han venido nuestros padres al colegio ',21,NULL),(166,'Selecciona el determinante posesivo: El peluquero es mi vecino',21,NULL),(167,'Asigna el determinante posesivo a las oraciones: Ayer conocí a ___ abuela:',21,NULL),(168,'¿Qué palabra no pertenece a la familia de palabras?',22,NULL),(169,'Completa la oración con un adjetivo: Los juguetes ____ fueron robados',22,NULL),(170,'¿En qué género y número está “árboles altos”?',22,NULL),(171,'¿Qué onomatopeya hace el gato?',23,NULL),(172,'¿Cuál es el pronombre personal? Ellos fueron a la biblioteca',23,NULL),(173,'Completa la oración con pronombres personales: ___ tengo un reloj nuevo',23,NULL),(174,'Completa la oración con los signos de interrogación o exclamación: _ Buenos días Martina _',23,NULL),(175,'Completa la oración con los signos de interrogación o exclamación: _ Qué tal el partido de baloncesto _',23,NULL),(176,'En la siguiente frase, ¿cuál es el verbo? : Ana juega en el parque',24,NULL),(177,'¿Qué oración está en pasado?',24,NULL),(178,'¿Qué oración está en presente?',24,NULL),(179,'¿Qué oración está en futuro?',24,NULL),(180,'¿Cuál de los siguientes es el infinitivo?',24,NULL),(181,'1. Descompón este número: $descomposicion$',25,NULL),(182,'2. Descompón este número: $descomposicion$',25,NULL),(183,'3. Descompón este número: $descomposicion$',25,NULL),(184,'1. Escribe este número: $composicion$',25,NULL),(185,'2. Escribe este número: $composicion$',25,NULL),(186,'3. Escribe este número: $composicion$',25,NULL),(187,'1. Elige el número ordinal de la siguiente cifra: $numeroOrdinal$',25,NULL),(188,'2. Elige el número ordinal de la siguiente cifra: $numeroOrdinal$',25,NULL),(189,'3. Elige el número ordinal de la siguiente cifra: $numeroOrdinal$',25,NULL),(190,'1. Realiza la siguiente operación: $resta$',26,NULL),(191,'2. Realiza la siguiente operación: $resta$',26,NULL),(192,'3. Realiza la siguiente operación: $resta$',26,NULL),(193,'1. Aproxima el siguiente número a centenas: $proximaCentena$',26,NULL),(194,'2. Aproxima el siguiente número a centenas: $proximaCentena$',26,NULL),(195,'3. Aproxima el siguiente número a centenas: $proximaCentena$',26,NULL),(196,'1. Estima las siguientes operaciones: $estimacionProblema$',26,NULL),(197,'2. Estima las siguientes operaciones: $estimacionProblema$',26,NULL),(198,'3. Estima las siguientes operaciones: $estimacionProblema$',26,NULL),(199,'1. Resuelve el siguiente problema: $problemaQuitarKg$',26,NULL),(200,'2. Resuelve el siguiente problema: $problemaQuitarKg$',26,NULL),(201,'3. Resuelve el siguiente problema: $problemaQuitarKg$',26,NULL),(202,'1. Clasifica las siguientes rectas',27,'rectas_paralelas.webp'),(203,'2. Clasifica las siguientes rectas',27,'secante.webp'),(204,'3. Clasifica las siguientes rectas',27,'perpendiculares.webp'),(205,'¿Qué es la línea azul?',27,'lado.webp'),(206,'¿Qué es el punto azul?',27,'vertice.webp'),(207,'¿Qué es el espacio azul?',27,'angulo.webp'),(208,'1. Clasifica los siguientes ángulos según sus grados',27,'angulo-recto.webp'),(209,'2. Clasifica los siguientes ángulos según sus grados',27,'angulo-agudo.webp'),(210,'3. Clasifica los siguientes ángulos según sus grados',27,'angulo-obtuso.webp'),(211,'¿Cómo se llama la línea entre A y B?',27,'segmento.webp'),(212,'1. ¿Qué movimiento se ha aplicado en la siguiente figura?',27,'simetria.webp'),(213,'2. ¿Qué movimiento se ha aplicado en la siguiente figura?',27,'traslacion.webp'),(214,'1. Realiza la siguiente multiplicación: $multiplicacion$',28,NULL),(215,'2. Realiza la siguiente multiplicación: $multiplicacion$',28,NULL),(216,'3. Realiza la siguiente multiplicación: $multiplicacion$',28,NULL),(217,'1. Realiza la siguiente multiplicación: $multiplicacion$',28,NULL),(218,'2. Realiza la siguiente multiplicación: $multiplicacion$',28,NULL),(219,'3. Realiza la siguiente multiplicación: $multiplicacion$',28,NULL),(220,'1. ¿Cuánto es el $dobleTriple$',28,NULL),(221,'2. ¿Cuánto es el $dobleTriple$',28,NULL),(222,'3. ¿Cuánto es el $dobleTriple$',28,NULL),(223,'1. Realiza la siguiente multiplicación: $multiplicacionUpgrade$',29,NULL),(224,'2. Realiza la siguiente multiplicación: $multiplicacionUpgrade$',29,NULL),(225,'3. Realiza la siguiente multiplicación: $multiplicacionUpgrade$',29,NULL),(226,'1. $kgComidaAproximada$. ¿Cuántos comerá aproximadamente en una semana?',29,NULL),(227,'2. $kgComidaAproximada$. ¿Cuántos comerá aproximadamente en una semana?',29,NULL),(228,'3. $kgComidaAproximada$. ¿Cuántos comerá aproximadamente en una semana?',29,NULL),(229,'1. $billetes$ ¿Cuánto dinero hay en total?',29,NULL),(230,'2. $billetes$ ¿Cuánto dinero hay en total?',29,NULL),(231,'3. $billetes$ ¿Cuánto dinero hay en total?',29,NULL),(232,'1. Realiza esta división: $division$',30,NULL),(233,'2. Realiza esta división: $division$',30,NULL),(234,'3. Realiza esta división: $division$',30,NULL),(235,'1. ¿Esta división es exacta o entera? $divisionExacta$',30,NULL),(236,'2. ¿Esta división es exacta o entera? $divisionExacta$',30,NULL),(237,'3. ¿Esta división es exacta o entera? $divisionExacta$',30,NULL),(238,'1. ¿Cuál es el resto en la siguiente división? $divisionResto$',30,NULL),(239,'2. ¿Cuál es el resto en la siguiente división? $divisionResto$',30,NULL),(240,'3. ¿Cuál es el resto en la siguiente división? $divisionResto$',30,NULL),(241,'1. Calcula $divisionFraccion$',30,NULL),(242,'2. Calcula $divisionFraccion$',30,NULL),(243,'3. Calcula $divisionFraccion$',30,NULL),(244,'1. Realiza la siguiente división: $divisionGrande$',31,NULL),(245,'2. Realiza la siguiente división: $divisionGrande$',31,NULL),(246,'3. Realiza la siguiente división: $divisionGrande$',31,NULL),(247,'4. Realiza la siguiente división: $divisionGrande$',31,NULL),(248,'5. Realiza la siguiente división: $divisionGrande$',31,NULL),(249,'6. Realiza la siguiente división: $divisionGrande$',31,NULL),(250,'1. Clasifica los siguientes polígonos',32,'triangulo.webp'),(251,'2. Clasifica los siguientes polígonos',32,'cuadrado.webp'),(252,'3. Clasifica los siguientes polígonos',32,'pentagono.webp'),(253,'4. Clasifica los siguientes polígonos',32,'hexagono.webp'),(254,'5. Clasifica los siguientes polígonos',32,'octagono.webp'),(255,'¿Cuántos lados, vértices y ángulos tiene un hexágono?',32,'hexagono.webp'),(256,'¿Cómo se llaman los puntos rojos de esta figura?',32,'pentagono.webp'),(257,'1. Clasifica los siguientes triángulos',32,'triangulo.webp'),(258,'2. Clasifica los siguientes triángulos',32,'triangulo-escaleno.webp'),(259,'3. Clasifica los siguientes triángulos',32,'triangulo-isosceles.webp'),(260,'1. Clasifica los siguientes cuadriláteros',32,'paralelogramo.webp'),(261,'2. Clasifica los siguientes cuadriláteros',32,'trapecio.webp'),(262,'3. Clasifica los siguientes cuadriláteros',32,'trapezoide.webp'),(263,'¿Es una circunferencia o un círculo?',32,'circunferencia.webp'),(264,'¿Con qué unidad de medida medirías una hormiga?',33,NULL),(265,'¿Con qué unidad de medida medirías la distancia de Bilbao a Madrid?',33,NULL),(266,'¿Con qué unidad de medida medirías un estuche?',33,NULL),(267,'¿Con qué unidad de medida medirías la longitud de un polideportivo?',33,NULL),(268,'1. Convierte las siguientes unidades: $conversionUnion$',33,NULL),(269,'2. Convierte las siguientes unidades: $conversionUnion$',33,NULL),(270,'3. Convierte las siguientes unidades: $conversionUnion$',33,NULL),(271,'4. Convierte las siguientes unidades: $conversionSeparacionCm$',33,NULL),(272,'5. Convierte las siguientes unidades: $conversionSeparacionCm$',33,NULL),(273,'6. Convierte las siguientes unidades: $conversionSeparacionCm$',33,NULL),(274,'7. Convierte las siguientes unidades: $conversionSeparacionMmm$',33,NULL),(275,'8. Convierte las siguientes unidades: $conversionSeparacionMmm$',33,NULL),(276,'9. Convierte las siguientes unidades: $conversionSeparacionMmm$',33,NULL),(277,'1. La cuerda roja mide $conversionUnionProblema$ ¿Cuántos centímetros miden en total?',33,NULL),(278,'2. La cuerda roja mide $conversionUnionProblema$ ¿Cuántos centímetros miden en total?',33,NULL),(279,'3. La cuerda roja mide $conversionUnionProblema$ ¿Cuántos centímetros miden en total?',33,NULL),(280,'¿Un clip pesa más de 1kg? ',34,NULL),(281,'1. ¿Cuánto son $fraccionesKg$?',34,NULL),(282,'2. ¿Cuánto son $fraccionesKg$?',34,NULL),(283,'3. ¿Cuánto son $fraccionesKg$?',34,NULL),(284,'1. ¿Cuánto son $fraccionesLitros$?',34,NULL),(285,'2. ¿Cuánto son $fraccionesLitros$?',34,NULL),(286,'3. ¿Cuánto son $fraccionesLitros$?',34,NULL),(287,'Un litro de aceite pesa 900g. ¿Cuánto pesará medio litro?',34,NULL),(288,'Un litro de aceite pesa 900g. ¿Cuánto pesará un cuarto?',34,NULL),(289,'Un litro de aceite pesa 900g. ¿Cuánto pesará un tercio?',34,NULL),(290,'1. Un litro de refresco cuesta $litroPrecio$',34,NULL),(291,'2. Un litro de refresco cuesta $litroPrecio$',34,NULL),(292,'3. Un litro de refresco cuesta $litroPrecio$',34,NULL),(293,'1. ¿Cuánto tiempo pasa entre $calcularTiempo$? ',35,NULL),(294,'2. ¿Cuánto tiempo pasa entre $calcularTiempo$? ',35,NULL),(295,'3. ¿Cuánto tiempo pasa entre $calcularTiempo$? ',35,NULL),(296,'1. ¿Cuánto tiempo pasa entre las $cuantoTiempoMañanaTarde$?',35,NULL),(297,'2. ¿Cuánto tiempo pasa entre las $cuantoTiempoMañanaTarde$?',35,NULL),(298,'3. ¿Cuánto tiempo pasa entre las $cuantoTiempoMañanaTarde$?',35,NULL),(299,'1. Convierte la siguiente cifra: $convertirTiempo$',35,NULL),(300,'2. Convierte la siguiente cifra: $convertirTiempo$',35,NULL),(301,'3. Convierte la siguiente cifra: $convertirTiempo$',35,NULL),(302,'1. Pago $cambioBilletes$ ¿Cuánto cuesta el televisor?',35,NULL),(303,'2. Pago $cambioBilletes$ ¿Cuánto cuesta el televisor?',35,NULL),(304,'3. Pago $cambioBilletes$ ¿Cuánto cuesta el televisor?',35,NULL),(305,'1. Si alquilar una bicicleta cuesta $alquilerHora$',35,NULL),(306,'2. Si alquilar una bicicleta cuesta $alquilerHora$',35,NULL),(307,'3. Si alquilar una bicicleta cuesta $alquilerHora$',35,NULL),(308,'1. Reconoce la línea roja del poliedro',36,'arista.webp'),(309,'2. Reconoce la zona roja del poliedro',36,'base.webp'),(310,'3. Reconoce la zona roja del poliedro',36,'cara.webp'),(311,'4. Reconoce el punto rojo del poliedro',36,'verticesPrisma.webp'),(312,'5. Clasifica los siguientes prismas',36,'prisma-cuadrangular.webp'),(313,'6. Clasifica los siguientes prismas',36,'prisma-pentagonal.webp'),(314,'7. Clasifica las siguientes pirámides',36,'piramide-triangular.webp'),(315,'8. Clasifica las siguientes pirámides',36,'piramide-hexagonal.webp'),(316,'9. Diferencia los siguientes cuerpos redondos',36,'cono.webp'),(317,'10. Diferencia los siguientes cuerpos redondos',36,'esfera.webp'),(318,'11. Diferencia los siguientes cuerpos redondos',36,'cilindro.webp'),(319,'Complete the activities. Play ____',37,'1.1playgames.webp'),(320,'Complete the activities. Listen to  ____',37,'1.2.listentomusic.webp'),(321,'Complete the activities. Use a  ____',37,'1.3.webp'),(322,'Complete the activities. Make  ____',37,'1.4.Makethings.webp'),(323,'Complete the activities. Watch  ____',37,'1.5.watchfilms.webp'),(324,'Complete the activities. Take  ____',37,'1.6.takephotos.webp'),(325,'Complete the activities. Help  ____',37,'1.7.helppeople.webp'),(326,'Complete the activities. Do  ____',37,'1.8.dosports.webp'),(327,'Complete the activities. Go on  ____',37,'1.9.goonexcursions.webp'),(328,'Complete the activities. Paint  ____',37,'1.10.paintpictures.webp'),(329,'Order and write: to / listen / you/ ? / Do /music',37,NULL),(330,'Order and write: use/ I / don’t / computer / a',37,NULL),(331,'Order and write: excursions / ? / Do / go / you / on',37,NULL),(332,'Does Ashley paint pictures?',37,'1.14.Ashley-yes.webp'),(333,'Does Alex go on excursions?',37,'1.15.Alex-not.webp'),(334,'Does Alex take photos?',37,'1.16.Alex-yes.webp'),(335,'Does Ashley make things?',37,'1.17.Ashley-not.webp'),(336,'You use the ____ to type in the computer',37,NULL),(337,'You use the printer to print _____',37,NULL),(338,'You use the ____ to click on the screen',37,NULL),(339,'1. What is this animal?',38,'1.tortoise.webp'),(340,'2. What is this animal?',38,'2.rabbit.webp'),(341,'3. What is this animal?',38,'3.tiger.webp'),(342,'4. What is this animal?',38,'4.frog.webp'),(343,'5. What is this animal?',38,'5.cocodrile.webp'),(344,'6. What is this animal?',38,'6.Lion.webp'),(345,'7. What is this animal?',38,'7.fish.webp'),(346,'8. What is this animal?',38,'8cat.webp'),(347,'9. What is this animal?',38,'9.bird.webp'),(348,'10. What is this animal?',38,'10.hamster.webp'),(349,'11. What has the bird got?',38,NULL),(350,'12. What has the tortoise got?',38,NULL),(351,'13. What has the hamster got?',38,NULL),(352,'14. What has the lion got?',38,NULL),(353,'15. What has the rabbit got?',38,NULL),(354,'16. What has the fish got?',38,NULL),(355,'17. What has the bird got?',38,NULL),(356,'18. What has the tiger got?',38,NULL),(357,'19. Has the tortoise got fur?',38,NULL),(358,'20. Has the tiger got teeth?',38,NULL),(359,'21. Has the crocodile got scales?',38,NULL),(360,'22. Has the bird got whiskers?',38,NULL),(361,'1. What is this sport?',39,'1.dive.webp'),(362,'2. What is this sport?',39,'2.tabletennis.webp'),(363,'3. What is this sport?',39,'3.dokarate.webp'),(364,'4. What is this sport?',39,'4.dojudo.webp'),(365,'5. What is this sport?',39,'5.rideabike.webp'),(366,'6. What is this sport?',39,'6.rideahorse.webp'),(367,'7. What is this sport?',39,'7.skateboard.webp'),(368,'8. What is this sport?',39,'8.rollerblade.webp'),(369,'9. What is this sport?',39,'9.iceskate.webp'),(370,'10. What is this sport?',39,'10.row.webp'),(371,'11. What is this sport?',39,'11.playfootball.webp'),(372,'12. What is this sport?',39,'12.playbasketball.webp'),(373,'13. What is this sport?',39,'13.swim.webp'),(374,'14. What is this sport?',39,'14.dance.webp'),(375,'15. What is this sport?',39,'15.playtennis.webp'),(376,'16. Can Alex dive?',39,'16.Alex-yes.webp'),(377,'17. Can Ashley play table tennis?',39,'17.Ashley-not.webp'),(378,'18. Can Alex dance?',39,'18.Alex-not.webp'),(379,'19. Can Ashley play footbal',39,'19.Ashley-yes.webp'),(380,'20. Complete the sentence. _____ on the spot',39,'20.walkonthespot.webp'),(381,'21. Complete the sentence. _____ around',39,'21.turnaround.webp'),(382,'22. Complete the sentence. _____ your toes',39,'22.touchyourtoes.webp'),(383,'23. Complete the sentence. ____ your arms',39,'23.rollyourarms.webp'),(384,'24. Complete the sentence. _____ your legs',39,'24.tapyourlegs.webp'),(385,'25.Complete the sentence. ______',39,'25.stretch.webp'),(386,'1. What is this food?',40,'1.fruitjuice.webp'),(387,'2. What is this food?',40,'3.water.webp'),(388,'3. What is this food?',40,'2.sandwich.webp'),(389,'4. What is this food?',40,'4.chicken.webp'),(390,'5. What is this food?',40,'5.salad.webp'),(391,'6. What is this food?',40,'6.yoghurt.jpg'),(392,'7. What is this food?',40,'7.crisp.webp'),(393,'8. What is this food?',40,'8.chocolate.webp'),(394,'9. What is this food?',40,'9.strawberries.webp'),(395,'10. What is this food?',40,'10.icecream.webp'),(396,'11. What is this food?',40,'11.banana.webp'),(397,'12. What is this food?',40,'12.cookie.webp'),(398,'13. What is this food?',40,'13.apple.webp'),(399,'14. What is this food?',40,'14.cheese.webp'),(400,'15. What is this food?',40,'15.icelolly.webp'),(401,'16. What is this food?',40,'16.vegetablesticks.webp'),(402,'17. What is this food?',40,'17.fruitsalad.webp'),(403,'18. Does Alex like vegetable sticks?',40,'18.Alex-not.webp'),(404,'19. Does Ashley like ice lolly?',40,'19.Ashley-yes.webp'),(405,'20. Does Alex like strawberries?',40,'1.16.Alex-yes.webp'),(406,'21. Does Ashley like chocolate?',40,'21.Ashley-not.webp'),(407,'1. What is this activity?',41,'1.getup.webp'),(408,'2. What is this activity?',41,'2.havebreakfast.webp'),(409,'3. What is this activity?',41,'3.brushyourteeth.webp'),(410,'4. What is this activity?',41,'4.gotoschool.webp'),(411,'5. What is this activity?',41,'5.havelunch.webp'),(412,'6. What is this activity?',41,'6.gohome.webp'),(413,'7. What is this activity?',41,'7.havedinner.webp'),(414,'8. What is this activity?',41,'8.haveashower.webp'),(415,'9. What is this activity?',41,'9.putonyourpyjama (1).webp'),(416,'10. What is this activity?',41,'10.gotobed.webp'),(417,'11. What time is 3:30?',41,NULL),(418,'12. What time is 8:00?',41,NULL),(419,'13. At what time does Ashley wake up? 7:00',41,NULL),(420,'14. At what time does Alex wake up? 7:30',41,NULL),(421,'15. At what time does Ashley have lunch? 1:30',41,NULL),(422,'16. At what time does Alex have lunch? 1:00',41,NULL),(423,'17. At what time does Ashley go to bed? 8:30',41,NULL),(424,'18. At what time does Alex go to bed? 9:00',41,NULL),(425,'1. What is he doing?',42,'1.collectingshells.webp'),(426,'2. What are they doing?',42,'2.makingasandcastle.webp'),(427,'3. What are they doing?',42,'3.playingvolleyball.webp'),(428,'4. What are they doing?',42,'4.playingfrisbee.webp'),(429,'5. What are they doing?',42,'5.playingwitharacket.webp'),(430,'6. What are they doing?',42,'6.swimminginthesea.webp'),(431,'7. What is she doing?',42,'7.fishing.webp'),(432,'8. What is he doing?',42,'8.snorkelling.webp'),(433,'9. What is she doing?',42,'9.puttingonsuncream.webp'),(434,'10. What is he doing?',42,'10.lyingintheshade.webp'),(435,'11. What are they playing?',42,'11.playingtag.jpg'),(436,'12. What is she playing?',42,'12.playinghopscotch.webp'),(437,'13. What are they playing?',42,'13.playinghideandseek.webp'),(438,'14. What are they playing?',42,'14.playingcards.webp'),(439,'15. What animal walks sideways?',42,NULL),(440,'16. Where lots of little fish hide?',42,NULL),(441,'17. What sea animal is very small?',42,NULL),(442,'18. What has it got sharp spikes?',42,NULL),(443,'19. What animal has got tentacles?',42,NULL),(444,'20. What animal has five arms?',42,NULL);
/*!40000 ALTER TABLE `preguntas` ENABLE KEYS */;
UNLOCK TABLES;

--
-- Table structure for table `preguntas_falladas`
--

DROP TABLE IF EXISTS `preguntas_falladas`;
/*!40101 SET @saved_cs_client     = @@character_set_client */;
/*!50503 SET character_set_client = utf8mb4 */;
CREATE TABLE `preguntas_falladas` (
  `id` int(11) NOT NULL AUTO_INCREMENT,
  `id_user` int(6) unsigned NOT NULL,
  `id_pregunta` int(11) NOT NULL,
  PRIMARY KEY (`id`),
  KEY `id_user` (`id_user`),
  KEY `id_pregunta` (`id_pregunta`),
  CONSTRAINT `preguntas_falladas_ibfk_1` FOREIGN KEY (`id_user`) REFERENCES `users` (`id`),
  CONSTRAINT `preguntas_falladas_ibfk_2` FOREIGN KEY (`id_pregunta`) REFERENCES `preguntas` (`id`)
) ENGINE=InnoDB DEFAULT CHARSET=latin1;
/*!40101 SET character_set_client = @saved_cs_client */;

--
-- Dumping data for table `preguntas_falladas`
--

LOCK TABLES `preguntas_falladas` WRITE;
/*!40000 ALTER TABLE `preguntas_falladas` DISABLE KEYS */;
/*!40000 ALTER TABLE `preguntas_falladas` ENABLE KEYS */;
UNLOCK TABLES;

--
-- Table structure for table `respuestas`
--

DROP TABLE IF EXISTS `respuestas`;
/*!40101 SET @saved_cs_client     = @@character_set_client */;
/*!50503 SET character_set_client = utf8mb4 */;
CREATE TABLE `respuestas` (
  `id` int(11) NOT NULL AUTO_INCREMENT,
  `texto` text NOT NULL,
  `correcta` tinyint(1) NOT NULL DEFAULT '0',
  `id_pregunta` int(11) NOT NULL,
  PRIMARY KEY (`id`),
  KEY `id_pregunta` (`id_pregunta`),
  CONSTRAINT `respuestas_ibfk_1` FOREIGN KEY (`id_pregunta`) REFERENCES `preguntas` (`id`)
) ENGINE=InnoDB AUTO_INCREMENT=1765 DEFAULT CHARSET=latin1;
/*!40101 SET character_set_client = @saved_cs_client */;

--
-- Dumping data for table `respuestas`
--

LOCK TABLES `respuestas` WRITE;
/*!40000 ALTER TABLE `respuestas` DISABLE KEYS */;
INSERT INTO `respuestas` VALUES (1,'Nutrición, relación y reproducción',1,1),(2,'Nutrición y reproducción',0,1),(3,'Nutrición y descanso',0,1),(4,'Relación y reproducción',0,1),(5,'Carne, pescado y verdura',0,2),(6,'Carnívora y herbívora',0,2),(7,'Carnívora, herbívora y omnívora',1,2),(8,'Omnívora y herbívora',0,2),(9,'Vertebrados',0,3),(10,'Invertebrados',1,3),(11,'Deshuesados',0,3),(12,'Mentebrados',0,3),(13,'Cabeza y tronco',0,4),(14,'Extremidades y cabeza',0,4),(15,'Tronco, extremidades y pico',0,4),(16,'Cabeza, tronco y extremidades',1,4),(17,'Vivíparos',0,5),(18,'Ovíparos',1,5),(19,'Ovovivíparos',0,5),(20,'Lovíparosos',0,5),(21,'Insectos',1,6),(22,'Crustáceos',0,6),(23,'Arácnidos ',0,6),(24,'Reptiles',0,6),(25,'Arácnidos ',1,7),(26,'Insectos',0,7),(27,'Crustáceos',0,7),(28,'Reptiles',0,7),(29,'Insectos',0,8),(30,'Arácnidos',0,8),(31,'Reptiles',0,8),(32,'Crustáceos',1,8),(33,'Moluscos',0,9),(34,'Equinodermos',1,9),(35,'Poríferos',0,9),(36,'Insectos',0,9),(37,'Equinodermos',0,10),(38,'Gusanos',1,10),(39,'Moluscos',0,10),(40,'Medusas',0,10),(41,'Animales, pájaros, reptiles, peces y anfibios',0,11),(42,'Mamíferos, aves y peces',0,11),(43,'Mamíferos, aves, reptiles, peces y anfibios',1,11),(44,'Mamíferos, pájaros, reptiles y anfibios',0,11),(45,'Reptiles',0,12),(46,'Mamíferos',1,12),(47,'Peces',0,12),(48,'Anfibios',0,12),(49,'Branquias',0,13),(50,'Piel',0,13),(51,'Pulmones',1,13),(52,'Pelo',0,13),(53,'Mamíferos y peces',0,14),(54,'Reptiles y peces',1,14),(55,'Aves y reptiles',0,14),(56,'Mamíferos y anfibios',0,14),(57,'Mamíferos',0,15),(58,'Reptiles',0,15),(59,'Aves',1,15),(60,'Anfibios',0,15),(61,'Transformación',0,16),(62,'Evolución',0,16),(63,'Protosis',0,16),(64,'Metamorfosis',1,16),(65,'Infancia, Juventud, Madurez y Ancianidad',0,17),(66,'Infancia, Adolescencia, Juventud, Madurez y Ancianidad',1,17),(67,'Infancia, Adolescencia, Juventud, Adultez y Ancianismo',0,17),(68,'Niñez, Adolescencia, Juventud, Adultez y Ancianidad',0,17),(69,'Juventud',1,18),(70,'Infancia',0,18),(71,'Madurez',0,18),(72,'Adolescencia',0,18),(73,'Cereales',0,19),(74,'Nutritivos',0,19),(75,'Potencias',0,19),(76,'Nutrientes',1,19),(77,'Buena alimentación',0,20),(78,'Buena higiene',0,20),(79,'Dormir pocas horas',1,20),(80,'Hacer ejercicio físico',0,20),(81,'Hidratos de carbono',0,21),(82,'Vitaminas',0,21),(83,'Proteínas',1,21),(84,'Grasas',0,21),(85,'Arroz',1,22),(86,'Verdura',0,22),(87,'Carne',0,22),(88,'Palomitas',0,22),(89,'Volumen',0,23),(90,'Masa',1,23),(91,'Distancia',0,23),(92,'Electricidad',0,23),(93,'El peso de la materia',0,24),(94,'La luminosidad de la materia',0,24),(95,'La altura que tiene la materia',0,24),(96,'El espacio que ocupa la materia',1,24),(97,'La ensalada',0,25),(98,'El oro',1,25),(99,'El pan',0,25),(100,'La limonada',0,25),(101,'Heterogénea y hilogénea',0,26),(102,'Hilogénea y homogénea',0,26),(103,'Heterogénea y homogénea',1,26),(104,'Huterogénea y heterogénea',0,26),(105,'Una ensalada',1,27),(106,'El café',0,27),(107,'Un zumo de naranja',0,27),(108,'Una sopa de tomate',0,27),(109,'Físico, líquido y airoso',0,28),(110,'Físico, acuático y airoso',0,28),(111,'Sólido, líquido y gaseoso',1,28),(112,'Sólido, acuático y gaseoso',0,28),(113,'Fusión',1,29),(114,'Vaporización',0,29),(115,'Solidificación',0,29),(116,'Condensación',0,29),(117,'Químico',1,30),(118,'Físico',0,30),(119,'Artificial',0,30),(120,'Material',0,30),(121,'Humanizado y natural',0,31),(122,'Orgánico y humanizado',0,31),(123,'Orgánico y artificial',0,31),(124,'Natural y artificial',1,31),(125,'Vegetal',0,32),(126,'Animal',1,32),(127,'Mineral',0,32),(128,'Artificial',0,32),(129,'Transparencia',1,33),(130,'Conducción del calor',0,33),(131,'Elasticidad',0,33),(132,'Impermeabilidad',0,33),(133,'Reusar, reciclar y restringir',0,34),(134,'Reciclar, reusar y restringir',0,34),(135,'Reciclar, reutilizar y reducir',1,34),(136,'Reducir, reutilizar y repetir',0,34),(137,'Calorífica',0,35),(138,'Sonora',0,35),(139,'Luminosa',0,35),(140,'Cinética',1,35),(141,'Una bombilla',0,36),(142,'La comida',1,36),(143,'Una guitarra',0,36),(144,'La electricidad',0,36),(145,'De energía eléctrica a energía calorífica',1,37),(146,'De energía eléctrica a energía cinética',0,37),(147,'De energía luminosa a energía calorífica',0,37),(148,'De energía calorífica a energía eléctrica',0,37),(149,'Infinitas y renovables',0,38),(150,'Limitadas y No limitadas',0,38),(151,'Renovables y No renovables',1,38),(152,'Renovables y limitadas',0,38),(153,'El movimiento del mar',0,39),(154,'El viento',1,39),(155,'El sol',0,39),(156,'Los animales',0,39),(157,'Mediante aerogeneradores',0,40),(158,'Mediante baterías',0,40),(159,'Mediante paneles solares',1,40),(160,'Mediante fábricas',0,40),(161,'Carbón y fósiles',0,41),(162,'Petróleo, fósiles y gas',0,41),(163,'Carbón y gas',0,41),(164,'Carbón, petróleo y gas',1,41),(165,'Usar el transporte público',1,42),(166,'Dejar las luces encendidas',0,42),(167,'Utilizar mucho la calefacción',0,42),(168,'Estar mucho tiempo en la ducha',0,42),(169,'Normales y diferentes',0,43),(170,'Viejas y antiguas',0,43),(171,'Simples y compuestas',1,43),(172,'Electrónicas y tecnológicas',0,43),(173,'La televisión',0,44),(174,'El martillo',1,44),(175,'La bicicleta',0,44),(176,'El ordenador',0,44),(177,'Sierra',0,45),(178,'Martillo',0,45),(179,'Destornillador',0,45),(180,'Semáforo',1,45),(181,'La rueda',0,46),(182,'La polea',1,46),(183,'El plano inclinado',0,46),(184,'La palanca',0,46),(185,'Manillar',0,47),(186,'Rueda',0,47),(187,'Eje',0,47),(188,'Enchufe',1,47),(189,'La contaminación',1,48),(190,'La evolución de las máquinas',0,48),(191,'Creación de nuevas máquinas',0,48),(192,'La industrialización',0,48),(193,'La Tierra',0,49),(194,'El Sol',1,49),(195,'Saturno',0,49),(196,'La Luna',0,49),(197,'Una estrella',1,50),(198,'Un planeta',0,50),(199,'Un asteroide',0,50),(200,'Un satélite',0,50),(201,'Siete planetas',0,51),(202,'Cuatro planetas',0,51),(203,'Ocho planetas',1,51),(204,'Veinte planetas',0,51),(205,'El planeta rojo',0,52),(206,'Venus',0,52),(207,'La Tierra',1,52),(208,'Júpiter',0,52),(209,'Rotación',0,53),(210,'Traslación',1,53),(211,'Giración',0,53),(212,'Movimiento pendular',0,53),(213,'Rotación',1,54),(214,'Traslación',0,54),(215,'Giración',0,54),(216,'Movimiento pendular',0,54),(217,'18 horas',0,55),(218,'3 días',0,55),(219,'24 horas',1,55),(220,'12 horas',0,55),(221,'Extinción de especies',0,56),(222,'El movimiento de los continentes',0,56),(223,'El día y la noche',0,56),(224,'Las estaciones',1,56),(225,'24 horas',0,57),(226,'300 días',0,57),(227,'12 horas',0,57),(228,'365 días',1,57),(229,'Un planeta',0,58),(230,'El satélite de la Tierra',1,58),(231,'Un cometa',0,58),(232,'Un gran asteroide',0,58),(233,'60 días',0,59),(234,'1 año',0,59),(235,'24 horas',0,59),(236,'28 días',1,59),(237,'Afecta a los continentes',0,60),(238,'Afecta a las mareas',1,60),(239,'Afecta a los desiertos',0,60),(240,'Afecta a los bebés',0,60),(241,'Vía Láctea',1,61),(242,'La Tierra',0,61),(243,'Galaxia humana',0,61),(244,'Interestelar',0,61),(245,'Microscopio',0,62),(246,'Ordenador',0,62),(247,'Telescopio',1,62),(248,'Televisor',0,62),(249,'Hidrosfera',0,63),(250,'Litosfera',0,63),(251,'Atmósfera',1,63),(252,'Núcleo',0,63),(253,'Está formada por rocas',0,64),(254,'Está formada por gases',1,64),(255,'Está formada por agua',0,64),(256,'Está formada por lava',0,64),(257,'Geosfera',0,65),(258,'Litosfera',0,65),(259,'Atmósfera',0,65),(260,'Hidrosfera',1,65),(261,'Geosfera',1,66),(262,'Atmósfera',0,66),(263,'Hidrosfera',0,66),(264,'Núcleo',0,66),(265,'Borde, manto y núcleo',0,67),(266,'Corteza terrestre, manto y centro',0,67),(267,'Borde, manto y centro',0,67),(268,'Corteza terrestre, manto y núcleo',1,67),(269,'Siete',0,68),(270,'Cinco',0,68),(271,'Seis',1,68),(272,'Ocho',0,68),(273,'Mediante el globo terráqueo o mapas',1,69),(274,'Solo mediante el globo terráqueo',0,69),(275,'Solo mediante mapas',0,69),(276,'Solo mediante imágenes',0,69),(277,'Arriba, Abajo, Derecha e Izquierda',0,70),(278,'Noroeste, Sureste, Este y Oeste',0,70),(279,'Norte, Sur, Derecha e Izquierda',0,70),(280,'Norte, Sur, Este y Oeste',1,70),(281,'Artificiales y urbanos',0,71),(282,'Naturales y humanizados',1,71),(283,'Naturales y modernos',0,71),(284,'Humanizados y artificiales',0,71),(285,'Natural',0,72),(286,'Urbano',1,72),(287,'Rural',0,72),(288,'Antiguo',0,72),(289,'De costa y de interior',1,73),(290,'Está formada por rocas',0,73),(291,'Está formada por agua',0,73),(292,'Está formada por lava',0,73),(293,'Acantilado',0,74),(294,'Litoral',0,74),(295,'Cabo',0,74),(296,'Isla',1,74),(297,'Llanura',0,75),(298,'Sierra',0,75),(299,'Cordillera',0,75),(300,'Meseta',1,75),(301,'Cima, ladera y falda',1,76),(302,'Pico, falda y cuesta',0,76),(303,'Cima, ladera y llanura',0,76),(304,'Pico, ladera y llanura',0,76),(305,'Mediterráneo y Cantábrico',1,77),(306,'Atlántico y Mediterráneo',0,77),(307,'Cantábrico y Atlántico',0,77),(308,'Atlántico y Pacífico',0,77),(309,'El río Guadalquivir',0,78),(310,'El río Miño',0,78),(311,'El río Guadiana',0,78),(312,'El río Ebro',1,78),(313,'Ceuta y Melilla',0,79),(314,'Canarias y Baleares',1,79),(315,'Tenerife y Mallorca',0,79),(316,'Canarias y Galápagos',0,79),(317,'Doyana',1,80),(318,'Los Picos de Europa',0,80),(319,'Monfragüe',0,80),(320,'Timanfaya',0,80),(321,'Primero, segundo y tercero',0,81),(322,'Agricultura, industria y servicios',0,81),(323,'Primario, secundario y de servicios',1,81),(324,'Primario, segundo y servicial',0,81),(325,'Artesanos',0,82),(326,'Agricultores',1,82),(327,'Policías',0,82),(328,'Panaderos',0,82),(329,'Policías',0,83),(330,'Profesores',0,83),(331,'Pescadores',0,83),(332,'Artesanos',1,83),(333,'Panaderos',0,84),(334,'Profesores',1,84),(335,'Artesanos',0,84),(336,'Agricultores',0,84),(337,'Secundario',0,85),(338,'De servicios',0,85),(339,'De recolecta',0,85),(340,'Primario',1,85),(341,'Secundario',1,86),(342,'Primario',0,86),(343,'De servicios',0,86),(344,'De elaboración',0,86),(345,'Con el calendario',0,87),(346,'Con los dedo',0,87),(347,'Con el reloj',1,87),(348,'Con un reloj de arena',0,87),(349,'Con el reloj',0,88),(350,'Con el calendario',1,88),(351,'Con los lustros',0,88),(352,'Con el cronómetro',0,88),(353,'5 años',1,89),(354,'10 años',0,89),(355,'50 años',0,89),(356,'20 años',0,89),(357,'100 años',0,90),(358,'20 años',0,90),(359,'10 años',1,90),(360,'40 años',0,90),(361,'1000 años',0,91),(362,'10 años',0,91),(363,'10.000 años',0,91),(364,'100 años',1,91),(365,'100 años',0,92),(366,'10.000 años',0,92),(367,'1000 años',1,92),(368,'500 años',0,92),(369,'Edades de la historia',1,93),(370,'Momentos históricos',0,93),(371,'Momentos de la historia',0,93),(372,'Edad histórica',0,93),(373,'Los profesores',0,94),(374,'Los científicos',0,94),(375,'Los historiadores',1,94),(376,'Los detectives',0,94),(377,'Agricultura',0,95),(378,'Ganadería',0,95),(379,'Artesanía',0,95),(380,'Cazar y recolectar',1,95),(381,'En cuevas',1,96),(382,'En ciudades',0,96),(383,'En el campo',0,96),(384,'En los bosques',0,96),(385,'Caza y recolecta',0,97),(386,'Caza',0,97),(387,'Agricultura y ganadería',1,97),(388,'Crear máquinas',0,97),(389,'Edad Antigua',1,98),(390,'Prehistoria',0,98),(391,'Edad Moderna',0,98),(392,'Edad Contemporánea',0,98),(393,'Españoles',0,99),(394,'Romanos',0,99),(395,'Musulmanes',0,99),(396,'Egipcios',1,99),(397,'El latín',1,100),(398,'El español',0,100),(399,'El romano',0,100),(400,'El inglés',0,100),(401,'Cristiana y romana',0,101),(402,'Romana y musulmana',0,101),(403,'Cristiana y musulmana',1,101),(404,'Musulmana y asiática',0,101),(405,'Alrededor del castillo',1,102),(406,'Dentro del castillo',0,102),(407,'Enfrente del castillo',0,102),(408,'Detrás del castillo',0,102),(409,'En la iglesia',0,103),(410,'En la mezquita',1,103),(411,'En el castillo',0,103),(412,'En casa',0,103),(413,'Egipcios',0,104),(414,'Cristianos',0,104),(415,'Musulmanes',1,104),(416,'Españoles',0,104),(417,'Edad Contemporánea',0,105),(418,'Edad Antigua',0,105),(419,'Prehistoria',0,105),(420,'Edad Moderna',1,105),(421,'América',1,106),(422,'Asia',0,106),(423,'Europa',0,106),(424,'África',0,106),(425,'Edad Contemporánea',1,107),(426,'Edad Moderna',0,107),(427,'Edad Global',0,107),(428,'Edad Futurística',0,107),(429,'Silenciosos',0,108),(430,'Graciosos',0,108),(431,'Ruidosos',1,108),(432,'Amables',0,108),(433,'Gracioso',0,109),(434,'Guapo',0,109),(435,'Divertido',0,109),(436,'Aterrador',1,109),(437,'Estropeado',1,110),(438,'Usado',0,110),(439,'Sucio',0,110),(440,'Intacto',0,110),(441,'Casa',1,111),(442,'Quasa',0,111),(443,'',0,111),(444,'',0,111),(445,'Roscilla',0,112),(446,'Rosquilla',1,112),(447,'',0,112),(448,'',0,112),(449,'Mantecilla',0,113),(450,'Mantequilla',1,113),(451,'',0,113),(452,'',0,113),(453,'Pico',1,114),(454,'Piquo',0,114),(455,'',0,114),(456,'',0,114),(457,'Graciosos',0,115),(458,'Aburridos',1,115),(459,'Inteligentes',0,115),(460,'Locos',0,115),(461,'Agente',1,116),(462,'Aguente',0,116),(463,'Agüente',0,116),(464,'',0,116),(465,'Pingino',0,117),(466,'Pinguino',0,117),(467,'Pingüino',1,117),(468,'',0,117),(469,'Gepardo',0,118),(470,'Guepardo',1,118),(471,'Güepardo',0,118),(472,'',0,118),(473,'Los profesores',1,119),(474,'Profesores',0,119),(475,'No bajaron',0,119),(476,'No bajaron al patio',0,119),(477,'Felipe',0,120),(478,'Marta',0,120),(479,'Los ladrones',0,120),(480,'Felipe y Marta',1,120),(481,'Lorena',0,121),(482,'Lorena tiene',0,121),(483,'Dos hermanos',0,121),(484,'Tiene dos hermanos',1,121),(485,'Su socio',0,122),(486,'Ha comprado',0,122),(487,'Ha comprado un maletín',1,122),(488,'Un maletín',0,122),(489,'Palabras que tienen el mismo significado',0,123),(490,'Palabras que tienen varios significados',1,123),(491,'Palabras que tienen más de cuatro sílabas',0,123),(492,'Palabras que tienen la misma terminación',0,123),(493,'Montaje',1,124),(494,'Montage',0,124),(495,'',0,124),(496,'',0,124),(497,'Ajenda',0,125),(498,'Agenda',1,125),(499,'',0,125),(500,'',0,125),(501,'Guante',0,126),(502,'Gota',0,126),(503,'Generosa',1,126),(504,'Gusano',0,126),(505,'Gelatina',0,127),(506,'Girasol',0,127),(507,'Generosa',0,127),(508,'Golosina',1,127),(509,'Alba, Amelia, Asier y Ana',0,128),(510,'Ana, Amelia, Asier y Alba',0,128),(511,'Alba, Ana, Amelia y Asier',1,128),(512,'Asier, Amelia, Ana y Alba',0,128),(513,'Piara',0,129),(514,'Rebaño',0,129),(515,'Ejército',1,129),(516,'Banco',0,129),(517,'Piara',0,130),(518,'Rebaño',1,130),(519,'Ejército',0,130),(520,'Banco',0,130),(521,'Tereno',0,131),(522,'Terreno',1,131),(523,'',0,131),(524,'',0,131),(525,'Ramo',1,132),(526,'Rramo',0,132),(527,'',0,132),(528,'',0,132),(529,'Sonrisa',1,133),(530,'Sonrrisa',0,133),(531,'',0,133),(532,'',0,133),(533,'Monosílaba',0,134),(534,'Bisílaba',0,134),(535,'Trisílaba',0,134),(536,'Polisílaba',1,134),(537,'Monosílaba',1,135),(538,'Bisílaba',0,135),(539,'Trisílaba',0,135),(540,'Polisílaba',0,135),(541,'Monosílaba',0,136),(542,'Bisílaba',0,136),(543,'Trisílaba',1,136),(544,'Polisílaba',0,136),(545,'Bús',1,137),(546,'que',0,137),(547,'da',0,137),(548,'',0,137),(549,'Pa',0,138),(550,'lo',1,138),(551,'ma',0,138),(552,'',0,138),(553,'Soleado',0,139),(554,'Soldado',1,139),(555,'Aerosol',0,139),(556,'Solazo',0,139),(557,'Tambor',1,140),(558,'Tanbor',0,140),(559,'',0,140),(560,'',0,140),(561,'Amtiguo',0,141),(562,'Antiguo',1,141),(563,'',0,141),(564,'',0,141),(565,'Mi',0,142),(566,'amigo',1,142),(567,'muy',0,142),(568,'alto',0,142),(569,'Perdimos',0,143),(570,'en',0,143),(571,'bosque',1,143),(572,'frondoso',0,143),(573,'Andrés',0,144),(574,'Hermano',1,144),(575,'Madrid',0,144),(576,'España',0,144),(577,'Padres',0,145),(578,'Amigos',0,145),(579,'Barcelona',1,145),(580,'Ciudad',0,145),(585,'Fiestas',0,147),(586,'Fiestero',0,147),(587,'Fiestón',1,147),(588,'Fiestita',0,147),(589,'Hoi',1,148),(590,'Voy',0,148),(591,'Fui',0,148),(592,'Rey',0,148),(593,'Jerseises',0,149),(594,'Jerseys',0,149),(595,'Jerséis',1,149),(596,'Jerseyes',0,149),(597,'El',0,150),(598,'La',1,150),(599,'Los',0,150),(600,'Las',0,150),(601,'El',0,151),(602,'La',0,151),(603,'Los',1,151),(604,'Las',0,151),(605,'Escritore y Pintora',0,152),(606,'Escritora y Pintor',1,152),(607,'Escritora y Pintores',0,152),(608,'Escritor y Pintoras',0,152),(609,'Librito',1,153),(610,'Librero',0,153),(611,'Libre ',0,153),(612,'Llibrar',0,153),(613,'Pared',1,154),(614,'Parez',0,154),(615,'',0,154),(616,'',0,154),(617,'Lombrid',0,155),(618,'Lombriz',1,155),(619,'',0,155),(620,'',0,155),(621,'Avestruces',1,156),(622,'Avestruzes',0,156),(623,'Avestrudes ',0,156),(624,'Avestruzs',0,156),(625,'Autocaravana',1,157),(626,'Zapatillas',0,157),(627,'Trampolín',0,157),(628,'Panadero',0,157),(629,'Alcantarilla',0,158),(630,'Ardilla',0,158),(631,'Cucharilla',1,158),(632,'Membrillo',0,158),(633,'Me',0,159),(634,'regalado',0,159),(635,'un',1,159),(636,'libro',0,159),(637,'Mañana',0,160),(638,'voy',0,160),(639,'la',1,160),(640,'playa',0,160),(641,'Lejos',1,161),(642,'Cerca',0,161),(643,'Distancia media',0,161),(644,'',0,161),(645,'Lejos',0,162),(646,'Cerca',0,162),(647,'Distancia media',1,162),(648,'',0,162),(649,'Lejos',0,163),(650,'Cerca',0,163),(651,'Distancia media',1,163),(652,'',0,163),(653,'Argentino/a',1,164),(654,'Argentinense',0,164),(655,'Argenterino/a',0,164),(656,'Argentinazo/a',0,164),(657,'Nuestros',1,165),(658,'Colegio',0,165),(659,'Padres',0,165),(660,'Han venido',0,165),(661,'Peluquero',0,166),(662,'Vecino',0,166),(663,'Mi',1,166),(664,'Es',0,166),(665,'Mi',1,167),(666,'Mis',0,167),(667,'Suya',0,167),(668,'Tus',0,167),(669,'Vendedor',0,168),(670,'Vendaje',1,168),(671,'Venta ',0,168),(672,'Vendido',0,168),(673,'nuevos ',1,169),(674,'nuevo',0,169),(675,'nueva',0,169),(676,'nuevas',0,169),(677,'Masculino, plural',1,170),(678,'Masculino, singular',0,170),(679,'Femenino, plural',0,170),(680,'Femenino, singular',0,170),(681,'Miau ',1,171),(682,'Boom',0,171),(683,'Quiquiriquí',0,171),(684,'Plaff',0,171),(685,'Ellos',1,172),(686,'Fueron',0,172),(687,'La',0,172),(688,'Biblioteca',0,172),(689,'Yo',1,173),(690,'Él',0,173),(691,'Tú',0,173),(692,'Nosotros',0,173),(693,'Exclamación',1,174),(694,'Interrogación',0,174),(695,'',0,174),(696,'',0,174),(697,'Exclamación',0,175),(698,'Interrogación',1,175),(699,'',0,175),(700,'',0,175),(701,'Ana',0,176),(702,'Juega',1,176),(703,'El',0,176),(704,'Parque',0,176),(705,'Todo el colegio fue a la excursión',1,177),(706,'Vamos a la piscina',0,177),(707,'Comeremos un bocadillo',0,177),(708,'Tengo que ir a entrenar',0,177),(709,'Iremos a la playa',0,178),(710,'Volasteis a París',0,178),(711,'Ellos regresaron con su familia',0,178),(712,'El mapa está en mi casa',1,178),(713,'Nosotros vamos a la reunión',0,179),(714,'Me regalaron un oso de peluche',0,179),(715,'Donaremos nuestros juguetes antiguos',1,179),(716,'Lloramos mucho cuando vimos la película',0,179),(717,'Beben',0,180),(718,'Bebe',0,180),(719,'Beber',1,180),(720,'Bebemos',0,180),(721,'',1,181),(722,'',0,181),(723,'',0,181),(724,'',0,181),(725,'',1,182),(726,'',0,182),(727,'',0,182),(728,'',0,182),(729,'',1,183),(730,'',0,183),(731,'',0,183),(732,'',0,183),(733,'',1,184),(734,'',0,184),(735,'',0,184),(736,'',0,184),(737,'',1,185),(738,'',0,185),(739,'',0,185),(740,'',0,185),(741,'',1,186),(742,'',0,186),(743,'',0,186),(744,'',0,186),(745,'',1,187),(746,'',0,187),(747,'',0,187),(748,'',0,187),(749,'',1,188),(750,'',0,188),(751,'',0,188),(752,'',0,188),(753,'',1,189),(754,'',0,189),(755,'',0,189),(756,'',0,189),(757,'',1,190),(758,'',0,190),(759,'',0,190),(760,'',0,190),(761,'',1,191),(762,'',0,191),(763,'',0,191),(764,'',0,191),(765,'',1,192),(766,'',0,192),(767,'',0,192),(768,'',0,192),(769,'',1,193),(770,'',0,193),(771,'',0,193),(772,'',0,193),(773,'',1,194),(774,'',0,194),(775,'',0,194),(776,'',0,194),(777,'',1,195),(778,'',0,195),(779,'',0,195),(780,'',0,195),(781,'',1,196),(782,'',0,196),(783,'',0,196),(784,'',0,196),(785,'',1,197),(786,'',0,197),(787,'',0,197),(788,'',0,197),(789,'',1,198),(790,'',0,198),(791,'',0,198),(792,'',0,198),(793,'',1,199),(794,'',0,199),(795,'',0,199),(796,'',0,199),(797,'',1,200),(798,'',0,200),(799,'',0,200),(800,'',0,200),(801,'',1,201),(802,'',0,201),(803,'',0,201),(804,'',0,201),(805,'Paralelas',1,202),(806,'Secantes',0,202),(807,'Perpendiculares',0,202),(808,'',0,202),(809,'Paralelas',0,203),(810,'Secantes',1,203),(811,'Perpendiculares',0,203),(812,'',0,203),(813,'Paralelas',0,204),(814,'Secantes',0,204),(815,'Perpendiculares',1,204),(816,'',0,204),(817,'El lado',1,205),(818,'El vértice',0,205),(819,'El ángulo',0,205),(820,'',0,205),(821,'El lado',0,206),(822,'El vértice',1,206),(823,'El ángulo',0,206),(824,'',0,206),(825,'El lado',0,207),(826,'El vértice',0,207),(827,'El ángulo',1,207),(828,'',0,207),(829,'Ángulo agudo',0,208),(830,'Ángulo recto',1,208),(831,'Ángulo obtuso',0,208),(832,'',0,208),(833,'Ángulo agudo',1,209),(834,'Ángulo recto',0,209),(835,'Ángulo obtuso',0,209),(836,'',0,209),(837,'Ángulo agudo',0,210),(838,'Ángulo recto',0,210),(839,'Ángulo obtuso',1,210),(840,'',0,210),(841,'Línea recta',0,211),(842,'Línea secante',0,211),(843,'Línea tangente',0,211),(844,'Segmento',1,211),(845,'Simetría',1,212),(846,'Traslación',0,212),(847,'',0,212),(848,'',0,212),(849,'Simetría',0,213),(850,'Traslación',1,213),(851,'',0,213),(852,'',0,213),(853,'',1,217),(854,'',0,217),(855,'',0,217),(856,'',0,217),(857,'',1,218),(858,'',0,218),(859,'',0,218),(860,'',0,218),(861,'',1,219),(862,'',0,219),(863,'',0,219),(864,'',0,219),(865,'',1,220),(866,'',0,220),(867,'',0,220),(868,'',0,220),(869,'',1,221),(870,'',0,221),(871,'',0,221),(872,'',0,221),(873,'',1,222),(874,'',0,222),(875,'',0,222),(876,'',0,222),(877,'',1,223),(878,'',0,223),(879,'',0,223),(880,'',0,223),(881,'',1,224),(882,'',0,224),(883,'',0,224),(884,'',0,224),(885,'',1,225),(886,'',0,225),(887,'',0,225),(888,'',0,225),(889,'',1,226),(890,'',0,226),(891,'',0,226),(892,'',0,226),(893,'',1,227),(894,'',0,227),(895,'',0,227),(896,'',0,227),(897,'',1,228),(898,'',0,228),(899,'',0,228),(900,'',0,228),(901,'',1,229),(902,'',0,229),(903,'',0,229),(904,'',0,229),(905,'',1,230),(906,'',0,230),(907,'',0,230),(908,'',0,230),(909,'',1,231),(910,'',0,231),(911,'',0,231),(912,'',0,231),(913,'',1,232),(914,'',0,232),(915,'',0,232),(916,'',0,232),(917,'',1,233),(918,'',0,233),(919,'',0,233),(920,'',0,233),(921,'',1,234),(922,'',0,234),(923,'',0,234),(924,'',0,234),(925,'',1,235),(926,'',0,235),(927,'',0,235),(928,'',0,235),(929,'',1,236),(930,'',0,236),(931,'',0,236),(932,'',0,236),(933,'',1,237),(934,'',0,237),(935,'',0,237),(936,'',0,237),(937,'',1,238),(938,'',0,238),(939,'',0,238),(940,'',0,238),(941,'',1,239),(942,'',0,239),(943,'',0,239),(944,'',0,239),(945,'',1,240),(946,'',0,240),(947,'',0,240),(948,'',0,240),(949,'',1,241),(950,'',0,241),(951,'',0,241),(952,'',0,241),(953,'',1,242),(954,'',0,242),(955,'',0,242),(956,'',0,242),(957,'',1,243),(958,'',0,243),(959,'',0,243),(960,'',0,243),(961,'',1,244),(962,'',0,244),(963,'',0,244),(964,'',0,244),(965,'',1,245),(966,'',0,245),(967,'',0,245),(968,'',0,245),(969,'',1,246),(970,'',0,246),(971,'',0,246),(972,'',0,246),(973,'',1,247),(974,'',0,247),(975,'',0,247),(976,'',0,247),(977,'',1,248),(978,'',0,248),(979,'',0,248),(980,'',0,248),(981,'',1,249),(982,'',0,249),(983,'',0,249),(984,'',0,249),(985,'Triángulo',1,250),(986,'Cuadrado',0,250),(987,'Pentágono',0,250),(988,'Hexágono',0,250),(989,'Triángulo',0,251),(990,'Cuadrado',1,251),(991,'Pentágono',0,251),(992,'Octágono',0,251),(993,'Triángulo',0,252),(994,'Cuadrado',0,252),(995,'Pentágono',1,252),(996,'Heptágono',0,252),(997,'Pentágono',0,253),(998,'Hexágono',1,253),(999,'Heptágono',0,253),(1000,'Octágono',0,253),(1001,'Pentágono',0,254),(1002,'Hexágono',0,254),(1003,'Heptágono',0,254),(1004,'Octágono',1,254),(1005,'5',0,255),(1006,'6',1,255),(1007,'7',0,255),(1008,'8',0,255),(1009,'Lados',0,256),(1010,'Puntos',0,256),(1011,'Vértices',1,256),(1012,'Ángulos',0,256),(1013,'Equilátero',1,257),(1014,'Isósceles',0,257),(1015,'Escaleno',0,257),(1016,'',0,257),(1017,'Equilátero',0,258),(1018,'Isósceles',0,258),(1019,'Escaleno',1,258),(1020,'',0,258),(1021,'Equilátero',0,259),(1022,'Isósceles',1,259),(1023,'Escaleno',0,259),(1024,'',0,259),(1025,'Paralelogramo',1,260),(1026,'Trapecio',0,260),(1027,'Trapezoide',0,260),(1028,'',0,260),(1029,'Paralelogramo',0,261),(1030,'Trapecio',1,261),(1031,'Trapezoide ',0,261),(1032,'',0,261),(1033,'Paralelogramo',0,262),(1034,'Trapecio',0,262),(1035,'Trapezoide',1,262),(1036,'',0,262),(1037,'Circunferencia',1,263),(1038,'Círculo',0,263),(1039,'',0,263),(1040,'',0,263),(1041,'Metro',0,264),(1042,'Milímetro',1,264),(1043,'Centímetro',0,264),(1044,'Kilómetro',0,264),(1045,'Metro',0,265),(1046,'Milímetro',0,265),(1047,'Centímetro',0,265),(1048,'Kilómetro',1,265),(1049,'Metro',0,266),(1050,'Milímetro',0,266),(1051,'Centímetro',1,266),(1052,'Kilómetro',0,266),(1053,'Metro',0,267),(1054,'Milímetro',1,267),(1055,'Centímetro',0,267),(1056,'Kilómetro',0,267),(1057,'',1,268),(1058,'',0,268),(1059,'',0,268),(1060,'',0,268),(1061,'',1,269),(1062,'',0,269),(1063,'',0,269),(1064,'',0,269),(1065,'',1,270),(1066,'',0,270),(1067,'',0,270),(1068,'',0,270),(1069,'',1,271),(1070,'',0,271),(1071,'',0,271),(1072,'',0,271),(1073,'',1,272),(1074,'',0,272),(1075,'',0,272),(1076,'',0,272),(1077,'',1,273),(1078,'',0,273),(1079,'',0,273),(1080,'',0,273),(1081,'',1,274),(1082,'',0,274),(1083,'',0,274),(1084,'',0,274),(1085,'',1,275),(1086,'',0,275),(1087,'',0,275),(1088,'',0,275),(1089,'',1,276),(1090,'',0,276),(1091,'',0,276),(1092,'',0,276),(1093,'',1,277),(1094,'',0,277),(1095,'',0,277),(1096,'',0,277),(1097,'',1,278),(1098,'',0,278),(1099,'',0,278),(1100,'',0,278),(1101,'',1,279),(1102,'',0,279),(1103,'',0,279),(1104,'',0,279),(1105,'Sí',0,280),(1106,'No',1,280),(1107,'',0,280),(1108,'',0,280),(1109,'',1,281),(1110,'',0,281),(1111,'',0,281),(1112,'',0,281),(1113,'',1,282),(1114,'',0,282),(1115,'',0,282),(1116,'',0,282),(1117,'',1,283),(1118,'',0,283),(1119,'',0,283),(1120,'',0,283),(1121,'',1,284),(1122,'',0,284),(1123,'',0,284),(1124,'',0,284),(1125,'',1,285),(1126,'',0,285),(1127,'',0,285),(1128,'',0,285),(1129,'',1,286),(1130,'',0,286),(1131,'',0,286),(1132,'',0,286),(1133,'400g',0,287),(1134,'350g',0,287),(1135,'500g',0,287),(1136,'450g',1,287),(1137,'300 g',0,288),(1138,'150 g',0,288),(1139,'225 g',1,288),(1140,'250 g',0,288),(1141,'350 g',0,289),(1142,'300 g',1,289),(1143,'250 g',0,289),(1144,'400 g',0,289),(1145,'',1,290),(1146,'',0,290),(1147,'',0,290),(1148,'',0,290),(1149,'',1,291),(1150,'',0,291),(1151,'',0,291),(1152,'',0,291),(1153,'',1,292),(1154,'',0,292),(1155,'',0,292),(1156,'',0,292),(1157,'',1,293),(1158,'',0,293),(1159,'',0,293),(1160,'',0,293),(1161,'',1,294),(1162,'',0,294),(1163,'',0,294),(1164,'',0,294),(1165,'',1,295),(1166,'',0,295),(1167,'',0,295),(1168,'',0,295),(1169,'',1,296),(1170,'',0,296),(1171,'',0,296),(1172,'',0,296),(1173,'',1,297),(1174,'',0,297),(1175,'',0,297),(1176,'',0,297),(1177,'',1,298),(1178,'',0,298),(1179,'',0,298),(1180,'',0,298),(1181,'',1,299),(1182,'',0,299),(1183,'',0,299),(1184,'',0,299),(1185,'',1,300),(1186,'',0,300),(1187,'',0,300),(1188,'',0,300),(1189,'',1,301),(1190,'',0,301),(1191,'',0,301),(1192,'',0,301),(1193,'',1,302),(1194,'',0,302),(1195,'',0,302),(1196,'',0,302),(1197,'',1,303),(1198,'',0,303),(1199,'',0,303),(1200,'',0,303),(1201,'',1,304),(1202,'',0,304),(1203,'',0,304),(1204,'',0,304),(1205,'',1,305),(1206,'',0,305),(1207,'',0,305),(1208,'',0,305),(1209,'',1,306),(1210,'',0,306),(1211,'',0,306),(1212,'',0,306),(1213,'',1,307),(1214,'',0,307),(1215,'',0,307),(1216,'',0,307),(1217,'Base',0,308),(1218,'Cara',0,308),(1219,'Arista',1,308),(1220,'Vértice',0,308),(1221,'Base',1,309),(1222,'Cara',0,309),(1223,'Arista',0,309),(1224,'Vértice',0,309),(1225,'Base',0,310),(1226,'Cara',1,310),(1227,'Arista',0,310),(1228,'Vértice',0,310),(1229,'Base',0,311),(1230,'Cara',0,311),(1231,'Arista',0,311),(1232,'Vértice',1,311),(1233,'Cuadrangular',1,312),(1234,'Pentagonal',0,312),(1235,'',0,312),(1236,'',0,312),(1237,'Cuadrangular',0,313),(1238,'Pentagonal',1,313),(1239,'',0,313),(1240,'',0,313),(1241,'Triangular',1,314),(1242,'Hexagonal',0,314),(1243,'',0,314),(1244,'',0,314),(1245,'Triangular',0,315),(1246,'Hexagonal',1,315),(1247,'',0,315),(1248,'',0,315),(1249,'Cilindro',0,316),(1250,'Cono',1,316),(1251,'Esfera',0,316),(1252,'',0,316),(1253,'Cilindro',0,317),(1254,'Cono',0,317),(1255,'Esfera',1,317),(1256,'',0,317),(1257,'Cilindro',1,318),(1258,'Cono',0,318),(1259,'Esfera',0,318),(1260,'',0,318),(1261,'Films',0,319),(1262,'Music',0,319),(1263,'Games',1,319),(1264,'Excursions',0,319),(1265,'Games',0,320),(1266,'Computer',0,320),(1267,'Pictures',0,320),(1268,'Music',1,320),(1269,'Photo',0,321),(1270,'Computer',1,321),(1271,'Things',0,321),(1272,'People',0,321),(1273,'Things',1,322),(1274,'Music',0,322),(1275,'Sports',0,322),(1276,'Films',0,322),(1277,'Films',1,323),(1278,'Music',0,323),(1279,'People',0,323),(1280,'Things',0,323),(1281,'Computer',0,324),(1282,'Photos',1,324),(1283,'Excursions',0,324),(1284,'Sports',0,324),(1285,'Sports',0,325),(1286,'Music',0,325),(1287,'People',1,325),(1288,'Films',0,325),(1289,'Sports',1,326),(1290,'Computer',0,326),(1291,'Pictures',0,326),(1292,'Games',0,326),(1293,'Music',0,327),(1294,'Films',0,327),(1295,'Sports',0,327),(1296,'Excursions',1,327),(1297,'Photos',0,328),(1298,'Pictures',1,328),(1299,'Things',0,328),(1300,'People',0,328),(1301,'Do listen you to music?',0,329),(1302,'Do you listen music to?',0,329),(1303,'Do you listen to music?',1,329),(1304,'Do you music listen to?',0,329),(1305,'I don’t use a computer',1,330),(1306,'I use don’t a computer',0,330),(1307,'Don’t I use a computer',0,330),(1308,'A computer I use don’t',0,330),(1309,'Do go you on excursions?',0,331),(1310,'Do you go on excursions?',1,331),(1311,'Do on you go excursions?',0,331),(1312,'Do excursions on you go?',0,331),(1313,'Yes, she does',1,332),(1314,'No, she doesn’t',0,332),(1315,'',0,332),(1316,'',0,332),(1317,'No, he doesn’t',1,333),(1318,'Yes, he does',0,333),(1319,'',0,333),(1320,'',0,333),(1321,'No, he doesn’t',0,334),(1322,'Yes, he does',1,334),(1323,'',0,334),(1324,'',0,334),(1325,'No, she doesn’t',1,335),(1326,'Yes, she does',0,335),(1327,'',0,335),(1328,'',0,335),(1329,'Printer',0,336),(1330,'Keyboard',1,336),(1331,'Mouse',0,336),(1332,'Screen',0,336),(1333,'Screen',0,337),(1334,'Mouse',0,337),(1335,'Keyboard',0,337),(1336,'Document',1,337),(1337,'Keyboard',0,338),(1338,'Printer',0,338),(1339,'Mouse',1,338),(1340,'Document',0,338),(1341,'Tortoise',1,339),(1342,'Rabbit',0,339),(1343,'Bird',0,339),(1344,'Crocodile',0,339),(1345,'Fish',0,340),(1346,'Rabbit',1,340),(1347,'Tiger',0,340),(1348,'Lion',0,340),(1349,'Tiger',1,341),(1350,'Cat',0,341),(1351,'Frog',0,341),(1352,'Hamster',0,341),(1353,'Tiger',0,342),(1354,'Fish',0,342),(1355,'Hamster',0,342),(1356,'Frog',1,342),(1357,'Tortoise',0,343),(1358,'Crocodile',1,343),(1359,'Rabbit',0,343),(1360,'Bird',0,343),(1361,'Lion',1,344),(1362,'Rabbit',0,344),(1363,'Tiger',0,344),(1364,'Hamster',0,344),(1365,'Rabbit',0,345),(1366,'Fish',1,345),(1367,'Crocodile',0,345),(1368,'Lion',0,345),(1369,'Tortoise',0,346),(1370,'Lion',0,346),(1371,'Cat',1,346),(1372,'Hamster',0,346),(1373,'Bird',1,347),(1374,'Tortoise',0,347),(1375,'Hamster',0,347),(1376,'Frog',0,347),(1377,'Bird',0,348),(1378,'Lion',0,348),(1379,'Cat',0,348),(1380,'Hamster',1,348),(1381,'Teeth',0,349),(1382,'Whiskers',0,349),(1383,'Scales',0,349),(1384,'Feathers',1,349),(1385,'Shell',1,350),(1386,'Wings',0,350),(1387,'Beak',0,350),(1388,'Feathers',0,350),(1389,'Scales',0,351),(1390,'Whiskers',1,351),(1391,'Shell',0,351),(1392,'Wings',0,351),(1393,'Shell',0,352),(1394,'Wings',0,352),(1395,'Feathers',0,352),(1396,'Claws',1,352),(1397,'Fur',1,353),(1398,'Shell',0,353),(1399,'Wings',0,353),(1400,'Scales',0,353),(1401,'Whiskers',0,354),(1402,'Scales',1,354),(1403,'Claws',0,354),(1404,'Shell',0,354),(1405,'Whiskers',0,355),(1406,'Beak',1,355),(1407,'Scales',0,355),(1408,'Shell',0,355),(1409,'Feathers',0,356),(1410,'Tail',1,356),(1411,'Shell',0,356),(1412,'Wings',0,356),(1413,'Yes, it has got',0,357),(1414,'No, it hasn’t got',1,357),(1415,'',0,357),(1416,'',0,357),(1417,'Yes, it has got',1,358),(1418,'No, it hasn’t got',0,358),(1419,'',0,358),(1420,'',0,358),(1421,'Yes, it has got',1,359),(1422,'No, it hasn’t got',0,359),(1423,'',0,359),(1424,'',0,359),(1425,'Yes, it has got',0,360),(1426,'No, it hasn’t got',1,360),(1427,'',0,360),(1428,'',0,360),(1429,'Play table tennis',0,361),(1430,'Dive',1,361),(1431,'Do karate',0,361),(1432,'Do judo',0,361),(1433,'Ride a bike',0,362),(1434,'Rollerblade',0,362),(1435,'Play table tennis',1,362),(1436,'Play football',0,362),(1437,'Swim',0,363),(1438,'Do karate',1,363),(1439,'Ride a bike',0,363),(1440,'Play tennis',0,363),(1441,'Row',0,364),(1442,'Ride a horse',0,364),(1443,'Play basketball',0,364),(1444,'Do judo',1,364),(1445,'Ride a bike',1,365),(1446,'Swim',0,365),(1447,'Dance',0,365),(1448,'Skateboard',0,365),(1449,'Row',0,366),(1450,'Ride a horse',1,366),(1451,'Rollerblade',0,366),(1452,'Dance',0,366),(1453,'Play table tennis',0,367),(1454,'Ice skate',0,367),(1455,'Skateboard',1,367),(1456,'Dance',0,367),(1457,'Play tennis',0,368),(1458,'Row',0,368),(1459,'Swim',0,368),(1460,'Rollerblade',1,368),(1461,'Ice skate',1,369),(1462,'Play football',0,369),(1463,'Dive',0,369),(1464,'Do karate',0,369),(1465,'Do judo',0,370),(1466,'Row',1,370),(1467,'Swim',0,370),(1468,'Dive',0,370),(1469,'Play basketball',0,371),(1470,'Play tennis',0,371),(1471,'Play table tennis',0,371),(1472,'Play football',1,371),(1473,'Play basketball',1,372),(1474,'Ride a horse',0,372),(1475,'Skateboard',0,372),(1476,'Play football',0,372),(1477,'Row',0,373),(1478,'Swim',1,373),(1479,'Dive',0,373),(1480,'Dance',0,373),(1481,'Play tennis',0,374),(1482,'Ride a bike',0,374),(1483,'Dance',1,374),(1484,'Rollerblade',0,374),(1485,'Play tennis',1,375),(1486,'Play table tennis',0,375),(1487,'Ice skate',0,375),(1488,'Do judo',0,375),(1489,'Yes, he can',1,376),(1490,'No, he can’t ',0,376),(1491,'',0,376),(1492,'',0,376),(1493,'Yes, she can',0,377),(1494,'No, she can’t',1,377),(1495,'',0,377),(1496,'',0,377),(1497,'Yes, he can',0,378),(1498,'No, he can’t',1,378),(1499,'',0,378),(1500,'',0,378),(1501,'Yes, she can',1,379),(1502,'No, she can’t',0,379),(1503,'',0,379),(1504,'',0,379),(1505,'Walk',1,380),(1506,'Tap',0,380),(1507,'Touch',0,380),(1508,'Stretch',0,380),(1509,'Walk',0,381),(1510,'Roll',0,381),(1511,'Turn',1,381),(1512,'Tap',0,381),(1513,'Stretch',0,382),(1514,'Touch',1,382),(1515,'Turn',0,382),(1516,'Roll',0,382),(1517,'Roll',1,383),(1518,'Stretch',0,383),(1519,'Tap',0,383),(1520,'Touch',0,383),(1521,'Touch',0,384),(1522,'Roll',0,384),(1523,'Stretch',0,384),(1524,'Tap',1,384),(1525,'Stretch',1,385),(1526,'Turn',0,385),(1527,'Roll',0,385),(1528,'Walk',0,385),(1529,'Milk',0,386),(1530,'Water',0,386),(1531,'Fruit juice',1,386),(1532,'Banana',0,386),(1533,'Milk',0,387),(1534,'Water',1,387),(1535,'Fruit juice',0,387),(1536,'Ice lolly',0,387),(1537,'Sandwiches',1,388),(1538,'Chicken',0,388),(1539,'Pizza',0,388),(1540,'Cheese',0,388),(1541,'Cheese',0,389),(1542,'Chicken',1,389),(1543,'Salad',0,389),(1544,'Crisps',0,389),(1545,'Chocolate',0,390),(1546,'Apple',0,390),(1547,'Crisps',0,390),(1548,'Salad',1,390),(1549,'Milk',0,391),(1550,'Yoghurt',1,391),(1551,'Ice lolly',0,391),(1552,'Cookie',0,391),(1553,'Apple',0,392),(1554,'Chocolate',0,392),(1555,'Crisps',1,392),(1556,'Strawberries',0,392),(1557,'Chocolate',1,393),(1558,'Ice cream',0,393),(1559,'Ice lolly',0,393),(1560,'Vegetable sticks',0,393),(1561,'Banana',0,394),(1562,'Fruit juice',0,394),(1563,'Apple',0,394),(1564,'Strawberries',1,394),(1565,'Ice lolly',0,395),(1566,'Ice cream',1,395),(1567,'Strawberries',0,395),(1568,'Yoghurt',0,395),(1569,'Apple',0,396),(1570,'Cheese',0,396),(1571,'Banana',1,396),(1572,'Fruit salad',0,396),(1573,'Cookie',1,397),(1574,'Chicken',0,397),(1575,'Salad',0,397),(1576,'Sandwiches',0,397),(1577,'Chicken',0,398),(1578,'Fruit salad',0,398),(1579,'Apple',1,398),(1580,'Vegetable sticks',0,398),(1581,'Strawberries',0,399),(1582,'Cheese',1,399),(1583,'Fruit salad',0,399),(1584,'Water',0,399),(1585,'Ice lolly',1,400),(1586,'Ice cream',0,400),(1587,'Vegetable sticks',0,400),(1588,'Fruit juice',0,400),(1589,'Fruit salad',0,401),(1590,'Salad',0,401),(1591,'Vegetable sticks',1,401),(1592,'Water',0,401),(1593,'Salad',0,402),(1594,'Fruit salad',1,402),(1595,'Chocolate',0,402),(1596,'Crisps',0,402),(1597,'Yes, he likes vegetable sticks',0,403),(1598,'No, he doesn’t like vegetable sticks',1,403),(1599,'',0,403),(1600,'',0,403),(1601,'Yes, she likes ice lolly',1,404),(1602,'No, she doesn’t like ice lolly',0,404),(1603,'',0,404),(1604,'',0,404),(1605,'Yes, he likes strawberries',1,405),(1606,'No, he doesn’t like strawberries',0,405),(1607,'',0,405),(1608,'',0,405),(1609,'Yes, she likes chocolate',0,406),(1610,'No, she doesn’t like chocolate',1,406),(1611,'',0,406),(1612,'',0,406),(1613,'Get up',1,407),(1614,'Have breakfast',0,407),(1615,'Have dinner',0,407),(1616,'Go to bed',0,407),(1617,'Have a shower',0,408),(1618,'Put on your pyjama',0,408),(1619,'Have dinner',0,408),(1620,'Have breakfast',1,408),(1621,'Have breakfast',0,409),(1622,'Brush your teeth',1,409),(1623,'Have lunch',0,409),(1624,'Go to bed',0,409),(1625,'Get up',0,410),(1626,'Have a shower',0,410),(1627,'Go to school',1,410),(1628,'Put on your pyjama',0,410),(1629,'Have breakfast',0,411),(1630,'Have dinner',0,411),(1631,'Have a shower',0,411),(1632,'Have lunch',1,411),(1633,'Go home',1,412),(1634,'Go to school',0,412),(1635,'Go to bed',0,412),(1636,'Brush your teeth',0,412),(1637,'Have breakfast',0,413),(1638,'Go to school',0,413),(1639,'Go to bed',0,413),(1640,'Have dinner',1,413),(1641,'Have dinner',0,414),(1642,'Have a shower',1,414),(1643,'Have lunch',0,414),(1644,'Have breakfast',0,414),(1645,'Go to bed',0,415),(1646,'Brush your teeth',0,415),(1647,'Go home',0,415),(1648,'Put on your pyjama',1,415),(1649,'Get up',0,416),(1650,'Brush your teeth',0,416),(1651,'Go to bed',1,416),(1652,'Have dinner',0,416),(1653,'Three o’clock',0,417),(1654,'Half past three',1,417),(1655,'',0,417),(1656,'',0,417),(1657,'Eight o’clock',1,418),(1658,'Half past eight',0,418),(1659,'',0,418),(1660,'',0,418),(1661,'She wakes up at seven o’clock',1,419),(1662,'She wakes up at half past seven',0,419),(1663,'',0,419),(1664,'',0,419),(1665,'He wakes up at seven o’clock',0,420),(1666,'He wakes up at half past seven',1,420),(1667,'',0,420),(1668,'',0,420),(1669,'She has lunch at one o’clock',0,421),(1670,'She has lunch at half past one',1,421),(1671,'',0,421),(1672,'',0,421),(1673,'He has lunch at one o’clock',1,422),(1674,'He has lunch at half past one',0,422),(1675,'',0,422),(1676,'',0,422),(1677,'She goes to bed at eight o’clock',0,423),(1678,'She goes to bed at half past eight',1,423),(1679,'',0,423),(1680,'',0,423),(1681,'He goes to bed at nine o’clock',1,424),(1682,'He goes to bed at eight o’clock',0,424),(1683,'',0,424),(1684,'',0,424),(1685,'Collecting shells',1,425),(1686,'Making a sandcastle',0,425),(1687,'Swimming in the sea',0,425),(1688,'Snorkelling',0,425),(1689,'Playing volleyball',0,426),(1690,'Playing Frisbee',0,426),(1691,'Putting on sun cream',0,426),(1692,'Making a sandcastle',1,426),(1693,'Playing Frisbee',0,427),(1694,'Playing volleyball',1,427),(1695,'Playing with a racket',0,427),(1696,'Fishing',0,427),(1697,'Playing with a racket',0,428),(1698,'Swimming in the sea',0,428),(1699,'Playing Frisbee',1,428),(1700,'Lying in the shade',0,428),(1701,'Fishing',0,429),(1702,'Playing with a racket',1,429),(1703,'Snorkelling',0,429),(1704,'Putting on sun cream',0,429),(1705,'Swimming in the sea',1,430),(1706,'Lying in the shade',0,430),(1707,'Snorkelling',0,430),(1708,'Making a sandcastle',0,430),(1709,'Snorkelling',0,431),(1710,'Lying in the shade',0,431),(1711,'Collecting shells',0,431),(1712,'Fishing',1,431),(1713,'Making a sandcastle',0,432),(1714,'Swimming in the sea',0,432),(1715,'Snorkelling',1,432),(1716,'Putting on sun cream',0,432),(1717,'Playing Frisbee',0,433),(1718,'Putting on sun cream',1,433),(1719,'Swimming in the sea',0,433),(1720,'Collecting shells',0,433),(1721,'Lying in the shade',1,434),(1722,'Fishing',0,434),(1723,'Playing volleyball',0,434),(1724,'Playing with a racket',0,434),(1725,'They are playing hide and seek',0,435),(1726,'They are playing tag',1,435),(1727,'They are playing hopscotch',0,435),(1728,'They are playing cards',0,435),(1729,'She is playing hide and seek',0,436),(1730,'She is playing tag',0,436),(1731,'She is playing hopscotch',1,436),(1732,'She is playing cards',0,436),(1733,'They are playing hide and seek',1,437),(1734,'They are playing tag',0,437),(1735,'They are playing hopscotch',0,437),(1736,'They are playing cards',0,437),(1737,'They are playing hide and seek',0,438),(1738,'They are playing tag',0,438),(1739,'They are playing hopscotch',0,438),(1740,'They are playing cards',1,438),(1741,'Crab',1,439),(1742,'Jellyfish',0,439),(1743,'Seaweed',0,439),(1744,'Sea urchin',0,439),(1745,'Jellyfish',0,440),(1746,'Seaweed',1,440),(1747,'Sea urchin',0,440),(1748,'Starfish',0,440),(1749,'Seahorse',1,441),(1750,'Jellyfish',0,441),(1751,'Crab',0,441),(1752,'Seaweed',0,441),(1753,'Seahorse',0,442),(1754,'Crab',0,442),(1755,'Starfish',0,442),(1756,'Sea urchin',1,442),(1757,'Seaweed',0,443),(1758,'Jellyfish',1,443),(1759,'Seahorse',0,443),(1760,'Crab',0,443),(1761,'Starfish',1,444),(1762,'Seaweed',0,444),(1763,'Crab',0,444),(1764,'Seahorse',0,444);
/*!40000 ALTER TABLE `respuestas` ENABLE KEYS */;
UNLOCK TABLES;

--
-- Table structure for table `temarios`
--

DROP TABLE IF EXISTS `temarios`;
/*!40101 SET @saved_cs_client     = @@character_set_client */;
/*!50503 SET character_set_client = utf8mb4 */;
CREATE TABLE `temarios` (
  `id` int(11) NOT NULL AUTO_INCREMENT,
  `nombre` varchar(255) NOT NULL,
  PRIMARY KEY (`id`)
) ENGINE=InnoDB AUTO_INCREMENT=6 DEFAULT CHARSET=latin1;
/*!40101 SET character_set_client = @saved_cs_client */;

--
-- Dumping data for table `temarios`
--

LOCK TABLES `temarios` WRITE;
/*!40000 ALTER TABLE `temarios` DISABLE KEYS */;
INSERT INTO `temarios` VALUES (1,'Ciencias Naturales'),(2,'Ciencias Sociales'),(3,'Lengua Castellana y Literatura'),(4,'Matemáticas'),(5,'Inglés');
/*!40000 ALTER TABLE `temarios` ENABLE KEYS */;
UNLOCK TABLES;

--
-- Table structure for table `users`
--

DROP TABLE IF EXISTS `users`;
/*!40101 SET @saved_cs_client     = @@character_set_client */;
/*!50503 SET character_set_client = utf8mb4 */;
CREATE TABLE `users` (
  `id` int(6) unsigned NOT NULL AUTO_INCREMENT,
  `username` varchar(30) CHARACTER SET utf8mb4 COLLATE utf8mb4_unicode_ci NOT NULL,
  `email` varchar(50) CHARACTER SET utf8mb4 COLLATE utf8mb4_unicode_ci NOT NULL,
  `password` varchar(200) CHARACTER SET utf8mb4 COLLATE utf8mb4_unicode_ci NOT NULL,
  `created_at` timestamp NOT NULL DEFAULT CURRENT_TIMESTAMP,
  `updated_at` timestamp NOT NULL DEFAULT CURRENT_TIMESTAMP ON UPDATE CURRENT_TIMESTAMP,
  PRIMARY KEY (`id`)
) ENGINE=InnoDB AUTO_INCREMENT=2 DEFAULT CHARSET=latin1;
/*!40101 SET character_set_client = @saved_cs_client */;

--
-- Dumping data for table `users`
--

LOCK TABLES `users` WRITE;
/*!40000 ALTER TABLE `users` DISABLE KEYS */;
INSERT INTO `users` VALUES (1,'admin','marcogomezgutierrez@gmail.com','03ac674216f3e15c761ee1a5e255f067953623c8b388b4459e13f978d7c846f4','2023-05-26 14:51:27','2023-05-26 14:51:27');
/*!40000 ALTER TABLE `users` ENABLE KEYS */;
UNLOCK TABLES;
/*!40103 SET TIME_ZONE=@OLD_TIME_ZONE */;

/*!40101 SET SQL_MODE=@OLD_SQL_MODE */;
/*!40014 SET FOREIGN_KEY_CHECKS=@OLD_FOREIGN_KEY_CHECKS */;
/*!40014 SET UNIQUE_CHECKS=@OLD_UNIQUE_CHECKS */;
/*!40101 SET CHARACTER_SET_CLIENT=@OLD_CHARACTER_SET_CLIENT */;
/*!40101 SET CHARACTER_SET_RESULTS=@OLD_CHARACTER_SET_RESULTS */;
/*!40101 SET COLLATION_CONNECTION=@OLD_COLLATION_CONNECTION */;
/*!40111 SET SQL_NOTES=@OLD_SQL_NOTES */;

-- Dump completed on 2023-05-26 17:38:52
